[2m2026-08-31T08:33:34.752666Z[0m [32m INFO[0m [2msqlx::postgres::notice[0m[2m:[0m relation "_sqlx_migrations" already exists, skipping
[2m2026-08-31T08:33:34.755282Z[0m [32m INFO[0m [2msqlx::postgres::notice[0m[2m:[0m constraint "class_features_name_source_id_class_id_key" of relation "class_features" does not exist, skipping
[2m2026-08-31T08:33:34.755479Z[0m [32m INFO[0m [2msqlx::postgres::notice[0m[2m:[0m constraint "subclass_features_name_source_id_subclass_id_key" of relation "subclass_features" does not exist, skipping
[2m2026-08-31T08:33:34.765690Z[0m [32m INFO[0m [2madventure_sheets[0m[2m:[0m Listening on 0.0.0.0:8080
[2m2026-08-31T08:33:42.104365Z[0m [32m INFO[0m [2madventure_sheets::importers::import_feats[0m[2m:[0m Starting import of feats from JSON data
[2m2026-08-31T08:33:42.104409Z[0m [32m INFO[0m [2madventure_sheets::importers::import_classes[0m[2m:[0m Starting import of classes from JSON data
[2m2026-08-31T08:33:42.104417Z[0m [32m INFO[0m [2madventure_sheets::importers::import_classes[0m[2m:[0m Successfully imported classes, features, subclasses, and subclass features
[2m2026-08-31T08:33:42.104421Z[0m [32m INFO[0m [2madventure_sheets::importers::import_races[0m[2m:[0m Starting import of races from JSON data
[2m2026-08-31T08:33:42.104424Z[0m [32m INFO[0m [2madventure_sheets::importers::import_races[0m[2m:[0m Importing races [3mcount[0m[2m=[0m157
[2m2026-08-31T08:33:42.701389Z[0m [32m INFO[0m [2madventure_sheets::importers::import_races[0m[2m:[0m Importing subraces [3mcount[0m[2m=[0m98
[2m2026-08-31T08:33:43.033056Z[0m [32m INFO[0m [2madventure_sheets::importers::import_races[0m[2m:[0m Running heuristic detection for race options (bonus feats, cantrips, variable traits)
[2m2026-08-31T08:33:43.297479Z[0m [32m INFO[0m [2madventure_sheets::importers::import_races[0m[2m:[0m Successfully imported all races, subraces, and race options
[2m2026-08-31T08:33:43.297506Z[0m [32m INFO[0m [2madventure_sheets::importers::import_backgrounds[0m[2m:[0m Starting import of backgrounds from JSON data
[2m2026-08-31T08:33:43.297514Z[0m [32m INFO[0m [2madventure_sheets::importers::import_spells[0m[2m:[0m Starting import of spells from JSON data
[2m2026-08-31T08:33:43.297520Z[0m [32m INFO[0m [2madventure_sheets::importers::import_items[0m[2m:[0m Starting import of items from JSON data
[2m2026-08-31T08:33:43.297524Z[0m [32m INFO[0m [2madventure_sheets::importers::import_items[0m[2m:[0m Importing items and base items [3mcount[0m[2m=[0m0
[2m2026-08-31T08:33:43.297532Z[0m [32m INFO[0m [2madventure_sheets::importers::import_items[0m[2m:[0m Successfully imported 0 item records. [3mcount[0m[2m=[0m0
[2m2026-08-31T08:33:43.297538Z[0m [32m INFO[0m [2madventure_sheets::importers::import_monsters[0m[2m:[0m Starting import of monsters from JSON data
[2m2026-08-31T08:33:43.297546Z[0m [32m INFO[0m [2madventure_sheets::importers::import_optional_features[0m[2m:[0m Starting import of optional features from JSON data
[2m2026-08-31T08:33:43.326979Z[0m [32m INFO[0m [2madventure_sheets::importers::import_feats[0m[2m:[0m Starting import of feats from JSON data
[2m2026-08-31T08:33:43.327012Z[0m [32m INFO[0m [2madventure_sheets::importers::import_classes[0m[2m:[0m Starting import of classes from JSON data
[2m2026-08-31T08:33:43.327038Z[0m [32m INFO[0m [2madventure_sheets::importers::import_classes[0m[2m:[0m Successfully imported classes, features, subclasses, and subclass features
[2m2026-08-31T08:33:43.327045Z[0m [32m INFO[0m [2madventure_sheets::importers::import_races[0m[2m:[0m Starting import of races from JSON data
[2m2026-08-31T08:33:43.327050Z[0m [32m INFO[0m [2madventure_sheets::importers::import_races[0m[2m:[0m Successfully imported all races, subraces, and race options
[2m2026-08-31T08:33:43.327056Z[0m [32m INFO[0m [2madventure_sheets::importers::import_backgrounds[0m[2m:[0m Starting import of backgrounds from JSON data
[2m2026-08-31T08:33:43.327062Z[0m [32m INFO[0m [2madventure_sheets::importers::import_backgrounds[0m[2m:[0m Importing backgrounds [3mcount[0m[2m=[0m175
[2m2026-08-31T08:33:43.794394Z[0m [32m INFO[0m [2madventure_sheets::importers::import_backgrounds[0m[2m:[0m Successfully imported 175 background records. [3mcount[0m[2m=[0m175
[2m2026-08-31T08:33:43.794431Z[0m [32m INFO[0m [2madventure_sheets::importers::import_spells[0m[2m:[0m Starting import of spells from JSON data
[2m2026-08-31T08:33:43.794438Z[0m [32m INFO[0m [2madventure_sheets::importers::import_items[0m[2m:[0m Starting import of items from JSON data
[2m2026-08-31T08:33:43.794441Z[0m [32m INFO[0m [2madventure_sheets::importers::import_items[0m[2m:[0m Importing items and base items [3mcount[0m[2m=[0m0
[2m2026-08-31T08:33:43.794445Z[0m [32m INFO[0m [2madventure_sheets::importers::import_items[0m[2m:[0m Successfully imported 0 item records. [3mcount[0m[2m=[0m0
[2m2026-08-31T08:33:43.794448Z[0m [32m INFO[0m [2madventure_sheets::importers::import_monsters[0m[2m:[0m Starting import of monsters from JSON data
[2m2026-08-31T08:33:43.794454Z[0m [32m INFO[0m [2madventure_sheets::importers::import_optional_features[0m[2m:[0m Starting import of optional features from JSON data
[2m2026-08-31T08:33:43.804619Z[0m [32m INFO[0m [2madventure_sheets::importers::import_feats[0m[2m:[0m Starting import of feats from JSON data
[2m2026-08-31T08:33:43.804655Z[0m [32m INFO[0m [2madventure_sheets::importers::import_classes[0m[2m:[0m Starting import of classes from JSON data
[2m2026-08-31T08:33:43.804665Z[0m [32m INFO[0m [2madventure_sheets::importers::import_classes[0m[2m:[0m Successfully imported classes, features, subclasses, and subclass features
[2m2026-08-31T08:33:43.804672Z[0m [32m INFO[0m [2madventure_sheets::importers::import_races[0m[2m:[0m Starting import of races from JSON data
[2m2026-08-31T08:33:43.804679Z[0m [32m INFO[0m [2madventure_sheets::importers::import_races[0m[2m:[0m Successfully imported all races, subraces, and race options
[2m2026-08-31T08:33:43.804684Z[0m [32m INFO[0m [2madventure_sheets::importers::import_backgrounds[0m[2m:[0m Starting import of backgrounds from JSON data
[2m2026-08-31T08:33:43.804691Z[0m [32m INFO[0m [2madventure_sheets::importers::import_spells[0m[2m:[0m Starting import of spells from JSON data
[2m2026-08-31T08:33:43.804702Z[0m [32m INFO[0m [2madventure_sheets::importers::import_items[0m[2m:[0m Starting import of items from JSON data
[2m2026-08-31T08:33:43.804706Z[0m [32m INFO[0m [2madventure_sheets::importers::import_items[0m[2m:[0m Importing items and base items [3mcount[0m[2m=[0m0
[2m2026-08-31T08:33:43.804711Z[0m [32m INFO[0m [2madventure_sheets::importers::import_items[0m[2m:[0m Successfully imported 0 item records. [3mcount[0m[2m=[0m0
[2m2026-08-31T08:33:43.804717Z[0m [32m INFO[0m [2madventure_sheets::importers::import_monsters[0m[2m:[0m Starting import of monsters from JSON data
[2m2026-08-31T08:33:43.804721Z[0m [32m INFO[0m [2madventure_sheets::importers::import_optional_features[0m[2m:[0m Starting import of optional features from JSON data
[2m2026-08-31T08:33:43.816219Z[0m [32m INFO[0m [2madventure_sheets::importers::import_feats[0m[2m:[0m Starting import of feats from JSON data
[2m2026-08-31T08:33:43.816249Z[0m [32m INFO[0m [2madventure_sheets::importers::import_classes[0m[2m:[0m Starting import of classes from JSON data
[2m2026-08-31T08:33:43.816258Z[0m [32m INFO[0m [2madventure_sheets::importers::import_classes[0m[2m:[0m Successfully imported classes, features, subclasses, and subclass features
[2m2026-08-31T08:33:43.816263Z[0m [32m INFO[0m [2madventure_sheets::importers::import_races[0m[2m:[0m Starting import of races from JSON data
[2m2026-08-31T08:33:43.816269Z[0m [32m INFO[0m [2madventure_sheets::importers::import_races[0m[2m:[0m Successfully imported all races, subraces, and race options
[2m2026-08-31T08:33:43.816274Z[0m [32m INFO[0m [2madventure_sheets::importers::import_backgrounds[0m[2m:[0m Starting import of backgrounds from JSON data
[2m2026-08-31T08:33:43.816293Z[0m [32m INFO[0m [2madventure_sheets::importers::import_spells[0m[2m:[0m Starting import of spells from JSON data
[2m2026-08-31T08:33:43.816313Z[0m [32m INFO[0m [2madventure_sheets::importers::import_items[0m[2m:[0m Starting import of items from JSON data
[2m2026-08-31T08:33:43.816320Z[0m [32m INFO[0m [2madventure_sheets::importers::import_items[0m[2m:[0m Importing items and base items [3mcount[0m[2m=[0m0
[2m2026-08-31T08:33:43.816328Z[0m [32m INFO[0m [2madventure_sheets::importers::import_items[0m[2m:[0m Successfully imported 0 item records. [3mcount[0m[2m=[0m0
[2m2026-08-31T08:33:43.816335Z[0m [32m INFO[0m [2madventure_sheets::importers::import_monsters[0m[2m:[0m Starting import of monsters from JSON data
[2m2026-08-31T08:33:43.816341Z[0m [32m INFO[0m [2madventure_sheets::importers::import_optional_features[0m[2m:[0m Starting import of optional features from JSON data
[2m2026-08-31T08:33:43.823603Z[0m [32m INFO[0m [2madventure_sheets::importers::import_feats[0m[2m:[0m Starting import of feats from JSON data
[2m2026-08-31T08:33:43.823627Z[0m [32m INFO[0m [2madventure_sheets::importers::import_classes[0m[2m:[0m Starting import of classes from JSON data
[2m2026-08-31T08:33:43.823634Z[0m [32m INFO[0m [2madventure_sheets::importers::import_classes[0m[2m:[0m Successfully imported classes, features, subclasses, and subclass features
[2m2026-08-31T08:33:43.823640Z[0m [32m INFO[0m [2madventure_sheets::importers::import_races[0m[2m:[0m Starting import of races from JSON data
[2m2026-08-31T08:33:43.823646Z[0m [32m INFO[0m [2madventure_sheets::importers::import_races[0m[2m:[0m Successfully imported all races, subraces, and race options
[2m2026-08-31T08:33:43.823651Z[0m [32m INFO[0m [2madventure_sheets::importers::import_backgrounds[0m[2m:[0m Starting import of backgrounds from JSON data
[2m2026-08-31T08:33:43.823656Z[0m [32m INFO[0m [2madventure_sheets::importers::import_spells[0m[2m:[0m Starting import of spells from JSON data
[2m2026-08-31T08:33:43.823661Z[0m [32m INFO[0m [2madventure_sheets::importers::import_items[0m[2m:[0m Starting import of items from JSON data
[2m2026-08-31T08:33:43.823667Z[0m [32m INFO[0m [2madventure_sheets::importers::import_items[0m[2m:[0m Importing items and base items [3mcount[0m[2m=[0m0
[2m2026-08-31T08:33:43.823673Z[0m [32m INFO[0m [2madventure_sheets::importers::import_items[0m[2m:[0m Successfully imported 0 item records. [3mcount[0m[2m=[0m0
[2m2026-08-31T08:33:43.823679Z[0m [32m INFO[0m [2madventure_sheets::importers::import_monsters[0m[2m:[0m Starting import of monsters from JSON data
[2m2026-08-31T08:33:43.823686Z[0m [32m INFO[0m [2madventure_sheets::importers::import_optional_features[0m[2m:[0m Starting import of optional features from JSON data
[2m2026-08-31T08:33:43.833060Z[0m [32m INFO[0m [2madventure_sheets::importers::import_feats[0m[2m:[0m Starting import of feats from JSON data
[2m2026-08-31T08:33:43.833095Z[0m [32m INFO[0m [2madventure_sheets::importers::import_classes[0m[2m:[0m Starting import of classes from JSON data
[2m2026-08-31T08:33:43.833101Z[0m [32m INFO[0m [2madventure_sheets::importers::import_classes[0m[2m:[0m Importing classes and class feature gates [3mcount[0m[2m=[0m2
[2m2026-08-31T08:33:43.865664Z[0m [32m INFO[0m [2madventure_sheets::importers::import_classes[0m[2m:[0m Importing class features [3mcount[0m[2m=[0m41
[2m2026-08-31T08:33:43.976592Z[0m [32m INFO[0m [2madventure_sheets::importers::import_classes[0m[2m:[0m Importing subclasses [3mcount[0m[2m=[0m13
[2m2026-08-31T08:33:43.976634Z[0m [32m INFO[0m [2madventure_sheets::importers::import_classes[0m[2m:[0m Importing subclass features [3mcount[0m[2m=[0m78
[2m2026-08-31T08:33:44.051665Z[0m [32m INFO[0m [2madventure_sheets::importers::import_classes[0m[2m:[0m Mapping class-feature gates to subclass features
[2m2026-08-31T08:33:44.065452Z[0m [32m INFO[0m [2madventure_sheets::importers::import_classes[0m[2m:[0m Successfully imported classes, features, subclasses, and subclass features
[2m2026-08-31T08:33:44.065490Z[0m [32m INFO[0m [2madventure_sheets::importers::import_races[0m[2m:[0m Starting import of races from JSON data
[2m2026-08-31T08:33:44.065497Z[0m [32m INFO[0m [2madventure_sheets::importers::import_races[0m[2m:[0m Successfully imported all races, subraces, and race options
[2m2026-08-31T08:33:44.065503Z[0m [32m INFO[0m [2madventure_sheets::importers::import_backgrounds[0m[2m:[0m Starting import of backgrounds from JSON data
[2m2026-08-31T08:33:44.065510Z[0m [32m INFO[0m [2madventure_sheets::importers::import_spells[0m[2m:[0m Starting import of spells from JSON data
[2m2026-08-31T08:33:44.065517Z[0m [32m INFO[0m [2madventure_sheets::importers::import_items[0m[2m:[0m Starting import of items from JSON data
[2m2026-08-31T08:33:44.065524Z[0m [32m INFO[0m [2madventure_sheets::importers::import_items[0m[2m:[0m Importing items and base items [3mcount[0m[2m=[0m0
[2m2026-08-31T08:33:44.065531Z[0m [32m INFO[0m [2madventure_sheets::importers::import_items[0m[2m:[0m Successfully imported 0 item records. [3mcount[0m[2m=[0m0
[2m2026-08-31T08:33:44.065538Z[0m [32m INFO[0m [2madventure_sheets::importers::import_monsters[0m[2m:[0m Starting import of monsters from JSON data
[2m2026-08-31T08:33:44.065544Z[0m [32m INFO[0m [2madventure_sheets::importers::import_optional_features[0m[2m:[0m Starting import of optional features from JSON data
[2m2026-08-31T08:33:44.075389Z[0m [32m INFO[0m [2madventure_sheets::importers::import_feats[0m[2m:[0m Starting import of feats from JSON data
[2m2026-08-31T08:33:44.075426Z[0m [32m INFO[0m [2madventure_sheets::importers::import_classes[0m[2m:[0m Starting import of classes from JSON data
[2m2026-08-31T08:33:44.075433Z[0m [32m INFO[0m [2madventure_sheets::importers::import_classes[0m[2m:[0m Importing classes and class feature gates [3mcount[0m[2m=[0m2
[2m2026-08-31T08:33:44.106131Z[0m [32m INFO[0m [2madventure_sheets::importers::import_classes[0m[2m:[0m Importing class features [3mcount[0m[2m=[0m51
[2m2026-08-31T08:33:44.273994Z[0m [32m INFO[0m [2madventure_sheets::importers::import_classes[0m[2m:[0m Importing subclasses [3mcount[0m[2m=[0m22
[2m2026-08-31T08:33:44.297638Z[0m [32m INFO[0m [2madventure_sheets::importers::import_classes[0m[2m:[0m Importing subclass features [3mcount[0m[2m=[0m96
[2m2026-08-31T08:33:44.528537Z[0m [32m INFO[0m [2madventure_sheets::importers::import_classes[0m[2m:[0m Mapping class-feature gates to subclass features
[2m2026-08-31T08:33:44.653247Z[0m [32m INFO[0m [2madventure_sheets::importers::import_classes[0m[2m:[0m Successfully imported classes, features, subclasses, and subclass features
[2m2026-08-31T08:33:44.653264Z[0m [32m INFO[0m [2madventure_sheets::importers::import_races[0m[2m:[0m Starting import of races from JSON data
[2m2026-08-31T08:33:44.653269Z[0m [32m INFO[0m [2madventure_sheets::importers::import_races[0m[2m:[0m Successfully imported all races, subraces, and race options
[2m2026-08-31T08:33:44.653273Z[0m [32m INFO[0m [2madventure_sheets::importers::import_backgrounds[0m[2m:[0m Starting import of backgrounds from JSON data
[2m2026-08-31T08:33:44.653278Z[0m [32m INFO[0m [2madventure_sheets::importers::import_spells[0m[2m:[0m Starting import of spells from JSON data
[2m2026-08-31T08:33:44.653281Z[0m [32m INFO[0m [2madventure_sheets::importers::import_items[0m[2m:[0m Starting import of items from JSON data
[2m2026-08-31T08:33:44.653284Z[0m [32m INFO[0m [2madventure_sheets::importers::import_items[0m[2m:[0m Importing items and base items [3mcount[0m[2m=[0m0
[2m2026-08-31T08:33:44.653289Z[0m [32m INFO[0m [2madventure_sheets::importers::import_items[0m[2m:[0m Successfully imported 0 item records. [3mcount[0m[2m=[0m0
[2m2026-08-31T08:33:44.653299Z[0m [32m INFO[0m [2madventure_sheets::importers::import_monsters[0m[2m:[0m Starting import of monsters from JSON data
[2m2026-08-31T08:33:44.653308Z[0m [32m INFO[0m [2madventure_sheets::importers::import_optional_features[0m[2m:[0m Starting import of optional features from JSON data
[2m2026-08-31T08:33:44.662300Z[0m [32m INFO[0m [2madventure_sheets::importers::import_feats[0m[2m:[0m Starting import of feats from JSON data
[2m2026-08-31T08:33:44.662330Z[0m [32m INFO[0m [2madventure_sheets::importers::import_classes[0m[2m:[0m Starting import of classes from JSON data
[2m2026-08-31T08:33:44.662334Z[0m [32m INFO[0m [2madventure_sheets::importers::import_classes[0m[2m:[0m Importing classes and class feature gates [3mcount[0m[2m=[0m2
[2m2026-08-31T08:33:44.690324Z[0m [32m INFO[0m [2madventure_sheets::importers::import_classes[0m[2m:[0m Importing class features [3mcount[0m[2m=[0m46
[2m2026-08-31T08:33:44.821655Z[0m [32m INFO[0m [2madventure_sheets::importers::import_classes[0m[2m:[0m Importing subclasses [3mcount[0m[2m=[0m21
[2m2026-08-31T08:33:44.847232Z[0m [32m INFO[0m [2madventure_sheets::importers::import_classes[0m[2m:[0m Importing subclass features [3mcount[0m[2m=[0m75
[2m2026-08-31T08:33:45.036531Z[0m [32m INFO[0m [2madventure_sheets::importers::import_classes[0m[2m:[0m Mapping class-feature gates to subclass features
[2m2026-08-31T08:33:45.155640Z[0m [32m INFO[0m [2madventure_sheets::importers::import_classes[0m[2m:[0m Successfully imported classes, features, subclasses, and subclass features
[2m2026-08-31T08:33:45.155684Z[0m [32m INFO[0m [2madventure_sheets::importers::import_races[0m[2m:[0m Starting import of races from JSON data
[2m2026-08-31T08:33:45.155698Z[0m [32m INFO[0m [2madventure_sheets::importers::import_races[0m[2m:[0m Successfully imported all races, subraces, and race options
[2m2026-08-31T08:33:45.155704Z[0m [32m INFO[0m [2madventure_sheets::importers::import_backgrounds[0m[2m:[0m Starting import of backgrounds from JSON data
[2m2026-08-31T08:33:45.155710Z[0m [32m INFO[0m [2madventure_sheets::importers::import_spells[0m[2m:[0m Starting import of spells from JSON data
[2m2026-08-31T08:33:45.155716Z[0m [32m INFO[0m [2madventure_sheets::importers::import_items[0m[2m:[0m Starting import of items from JSON data
[2m2026-08-31T08:33:45.155722Z[0m [32m INFO[0m [2madventure_sheets::importers::import_items[0m[2m:[0m Importing items and base items [3mcount[0m[2m=[0m0
[2m2026-08-31T08:33:45.155729Z[0m [32m INFO[0m [2madventure_sheets::importers::import_items[0m[2m:[0m Successfully imported 0 item records. [3mcount[0m[2m=[0m0
[2m2026-08-31T08:33:45.155735Z[0m [32m INFO[0m [2madventure_sheets::importers::import_monsters[0m[2m:[0m Starting import of monsters from JSON data
[2m2026-08-31T08:33:45.155741Z[0m [32m INFO[0m [2madventure_sheets::importers::import_optional_features[0m[2m:[0m Starting import of optional features from JSON data
[2m2026-08-31T08:33:45.168449Z[0m [32m INFO[0m [2madventure_sheets::importers::import_feats[0m[2m:[0m Starting import of feats from JSON data
[2m2026-08-31T08:33:45.168486Z[0m [32m INFO[0m [2madventure_sheets::importers::import_classes[0m[2m:[0m Starting import of classes from JSON data
[2m2026-08-31T08:33:45.168497Z[0m [32m INFO[0m [2madventure_sheets::importers::import_classes[0m[2m:[0m Importing classes and class feature gates [3mcount[0m[2m=[0m2
[2m2026-08-31T08:33:45.192342Z[0m [32m INFO[0m [2madventure_sheets::importers::import_classes[0m[2m:[0m Importing class features [3mcount[0m[2m=[0m46
[2m2026-08-31T08:33:45.317387Z[0m [32m INFO[0m [2madventure_sheets::importers::import_classes[0m[2m:[0m Importing subclasses [3mcount[0m[2m=[0m43
[2m2026-08-31T08:33:45.364071Z[0m [32m INFO[0m [2madventure_sheets::importers::import_classes[0m[2m:[0m Importing subclass features [3mcount[0m[2m=[0m209
[2m2026-08-31T08:33:45.804856Z[0m [32m INFO[0m [2madventure_sheets::importers::import_classes[0m[2m:[0m Mapping class-feature gates to subclass features
[2m2026-08-31T08:33:46.048593Z[0m [32m INFO[0m [2madventure_sheets::importers::import_classes[0m[2m:[0m Successfully imported classes, features, subclasses, and subclass features
[2m2026-08-31T08:33:46.048611Z[0m [32m INFO[0m [2madventure_sheets::importers::import_races[0m[2m:[0m Starting import of races from JSON data
[2m2026-08-31T08:33:46.048616Z[0m [32m INFO[0m [2madventure_sheets::importers::import_races[0m[2m:[0m Successfully imported all races, subraces, and race options
[2m2026-08-31T08:33:46.048619Z[0m [32m INFO[0m [2madventure_sheets::importers::import_backgrounds[0m[2m:[0m Starting import of backgrounds from JSON data
[2m2026-08-31T08:33:46.048623Z[0m [32m INFO[0m [2madventure_sheets::importers::import_spells[0m[2m:[0m Starting import of spells from JSON data
[2m2026-08-31T08:33:46.048626Z[0m [32m INFO[0m [2madventure_sheets::importers::import_items[0m[2m:[0m Starting import of items from JSON data
[2m2026-08-31T08:33:46.048630Z[0m [32m INFO[0m [2madventure_sheets::importers::import_items[0m[2m:[0m Importing items and base items [3mcount[0m[2m=[0m0
[2m2026-08-31T08:33:46.048637Z[0m [32m INFO[0m [2madventure_sheets::importers::import_items[0m[2m:[0m Successfully imported 0 item records. [3mcount[0m[2m=[0m0
[2m2026-08-31T08:33:46.048641Z[0m [32m INFO[0m [2madventure_sheets::importers::import_monsters[0m[2m:[0m Starting import of monsters from JSON data
[2m2026-08-31T08:33:46.048645Z[0m [32m INFO[0m [2madventure_sheets::importers::import_optional_features[0m[2m:[0m Starting import of optional features from JSON data
[2m2026-08-31T08:33:46.059228Z[0m [32m INFO[0m [2madventure_sheets::importers::import_feats[0m[2m:[0m Starting import of feats from JSON data
[2m2026-08-31T08:33:46.059257Z[0m [32m INFO[0m [2madventure_sheets::importers::import_classes[0m[2m:[0m Starting import of classes from JSON data
[2m2026-08-31T08:33:46.059261Z[0m [32m INFO[0m [2madventure_sheets::importers::import_classes[0m[2m:[0m Importing classes and class feature gates [3mcount[0m[2m=[0m2
[2m2026-08-31T08:33:46.083208Z[0m [32m INFO[0m [2madventure_sheets::importers::import_classes[0m[2m:[0m Importing class features [3mcount[0m[2m=[0m42
[2m2026-08-31T08:33:46.203157Z[0m [32m INFO[0m [2madventure_sheets::importers::import_classes[0m[2m:[0m Importing subclasses [3mcount[0m[2m=[0m18
[2m2026-08-31T08:33:46.238060Z[0m [32m INFO[0m [2madventure_sheets::importers::import_classes[0m[2m:[0m Importing subclass features [3mcount[0m[2m=[0m80
[2m2026-08-31T08:33:46.420764Z[0m [32m INFO[0m [2madventure_sheets::importers::import_classes[0m[2m:[0m Mapping class-feature gates to subclass features
[2m2026-08-31T08:33:46.531372Z[0m [32m INFO[0m [2madventure_sheets::importers::import_classes[0m[2m:[0m Successfully imported classes, features, subclasses, and subclass features
[2m2026-08-31T08:33:46.531395Z[0m [32m INFO[0m [2madventure_sheets::importers::import_races[0m[2m:[0m Starting import of races from JSON data
[2m2026-08-31T08:33:46.531402Z[0m [32m INFO[0m [2madventure_sheets::importers::import_races[0m[2m:[0m Successfully imported all races, subraces, and race options
[2m2026-08-31T08:33:46.531407Z[0m [32m INFO[0m [2madventure_sheets::importers::import_backgrounds[0m[2m:[0m Starting import of backgrounds from JSON data
[2m2026-08-31T08:33:46.531411Z[0m [32m INFO[0m [2madventure_sheets::importers::import_spells[0m[2m:[0m Starting import of spells from JSON data
[2m2026-08-31T08:33:46.531415Z[0m [32m INFO[0m [2madventure_sheets::importers::import_items[0m[2m:[0m Starting import of items from JSON data
[2m2026-08-31T08:33:46.531419Z[0m [32m INFO[0m [2madventure_sheets::importers::import_items[0m[2m:[0m Importing items and base items [3mcount[0m[2m=[0m0
[2m2026-08-31T08:33:46.531426Z[0m [32m INFO[0m [2madventure_sheets::importers::import_items[0m[2m:[0m Successfully imported 0 item records. [3mcount[0m[2m=[0m0
[2m2026-08-31T08:33:46.531442Z[0m [32m INFO[0m [2madventure_sheets::importers::import_monsters[0m[2m:[0m Starting import of monsters from JSON data
[2m2026-08-31T08:33:46.531458Z[0m [32m INFO[0m [2madventure_sheets::importers::import_optional_features[0m[2m:[0m Starting import of optional features from JSON data
[2m2026-08-31T08:33:46.544322Z[0m [32m INFO[0m [2madventure_sheets::importers::import_feats[0m[2m:[0m Starting import of feats from JSON data
[2m2026-08-31T08:33:46.544356Z[0m [32m INFO[0m [2madventure_sheets::importers::import_classes[0m[2m:[0m Starting import of classes from JSON data
[2m2026-08-31T08:33:46.544363Z[0m [32m INFO[0m [2madventure_sheets::importers::import_classes[0m[2m:[0m Importing classes and class feature gates [3mcount[0m[2m=[0m2
[2m2026-08-31T08:33:46.568530Z[0m [32m INFO[0m [2madventure_sheets::importers::import_classes[0m[2m:[0m Importing class features [3mcount[0m[2m=[0m50
[2m2026-08-31T08:33:46.714295Z[0m [32m INFO[0m [2madventure_sheets::importers::import_classes[0m[2m:[0m Importing subclasses [3mcount[0m[2m=[0m25
[2m2026-08-31T08:33:46.744399Z[0m [32m INFO[0m [2madventure_sheets::importers::import_classes[0m[2m:[0m Importing subclass features [3mcount[0m[2m=[0m129
[2m2026-08-31T08:33:47.033571Z[0m [32m INFO[0m [2madventure_sheets::importers::import_classes[0m[2m:[0m Mapping class-feature gates to subclass features
[2m2026-08-31T08:33:47.197073Z[0m [32m INFO[0m [2madventure_sheets::importers::import_classes[0m[2m:[0m Successfully imported classes, features, subclasses, and subclass features
[2m2026-08-31T08:33:47.197098Z[0m [32m INFO[0m [2madventure_sheets::importers::import_races[0m[2m:[0m Starting import of races from JSON data
[2m2026-08-31T08:33:47.197103Z[0m [32m INFO[0m [2madventure_sheets::importers::import_races[0m[2m:[0m Successfully imported all races, subraces, and race options
[2m2026-08-31T08:33:47.197106Z[0m [32m INFO[0m [2madventure_sheets::importers::import_backgrounds[0m[2m:[0m Starting import of backgrounds from JSON data
[2m2026-08-31T08:33:47.197109Z[0m [32m INFO[0m [2madventure_sheets::importers::import_spells[0m[2m:[0m Starting import of spells from JSON data
[2m2026-08-31T08:33:47.197112Z[0m [32m INFO[0m [2madventure_sheets::importers::import_items[0m[2m:[0m Starting import of items from JSON data
[2m2026-08-31T08:33:47.197116Z[0m [32m INFO[0m [2madventure_sheets::importers::import_items[0m[2m:[0m Importing items and base items [3mcount[0m[2m=[0m0
[2m2026-08-31T08:33:47.197123Z[0m [32m INFO[0m [2madventure_sheets::importers::import_items[0m[2m:[0m Successfully imported 0 item records. [3mcount[0m[2m=[0m0
[2m2026-08-31T08:33:47.197132Z[0m [32m INFO[0m [2madventure_sheets::importers::import_monsters[0m[2m:[0m Starting import of monsters from JSON data
[2m2026-08-31T08:33:47.197135Z[0m [32m INFO[0m [2madventure_sheets::importers::import_optional_features[0m[2m:[0m Starting import of optional features from JSON data
[2m2026-08-31T08:33:47.207229Z[0m [32m INFO[0m [2madventure_sheets::importers::import_feats[0m[2m:[0m Starting import of feats from JSON data
[2m2026-08-31T08:33:47.207262Z[0m [32m INFO[0m [2madventure_sheets::importers::import_classes[0m[2m:[0m Starting import of classes from JSON data
[2m2026-08-31T08:33:47.207268Z[0m [32m INFO[0m [2madventure_sheets::importers::import_classes[0m[2m:[0m Importing classes and class feature gates [3mcount[0m[2m=[0m2
[2m2026-08-31T08:33:47.237293Z[0m [32m INFO[0m [2madventure_sheets::importers::import_classes[0m[2m:[0m Importing class features [3mcount[0m[2m=[0m68
[2m2026-08-31T08:33:47.424785Z[0m [32m INFO[0m [2madventure_sheets::importers::import_classes[0m[2m:[0m Importing subclasses [3mcount[0m[2m=[0m24
[2m2026-08-31T08:33:47.455199Z[0m [32m INFO[0m [2madventure_sheets::importers::import_classes[0m[2m:[0m Importing subclass features [3mcount[0m[2m=[0m86
[2m2026-08-31T08:33:47.693735Z[0m [32m INFO[0m [2madventure_sheets::importers::import_classes[0m[2m:[0m Mapping class-feature gates to subclass features
[2m2026-08-31T08:33:47.820151Z[0m [32m INFO[0m [2madventure_sheets::importers::import_classes[0m[2m:[0m Successfully imported classes, features, subclasses, and subclass features
[2m2026-08-31T08:33:47.820171Z[0m [32m INFO[0m [2madventure_sheets::importers::import_races[0m[2m:[0m Starting import of races from JSON data
[2m2026-08-31T08:33:47.820179Z[0m [32m INFO[0m [2madventure_sheets::importers::import_races[0m[2m:[0m Successfully imported all races, subraces, and race options
[2m2026-08-31T08:33:47.820184Z[0m [32m INFO[0m [2madventure_sheets::importers::import_backgrounds[0m[2m:[0m Starting import of backgrounds from JSON data
[2m2026-08-31T08:33:47.820192Z[0m [32m INFO[0m [2madventure_sheets::importers::import_spells[0m[2m:[0m Starting import of spells from JSON data
[2m2026-08-31T08:33:47.820197Z[0m [32m INFO[0m [2madventure_sheets::importers::import_items[0m[2m:[0m Starting import of items from JSON data
[2m2026-08-31T08:33:47.820203Z[0m [32m INFO[0m [2madventure_sheets::importers::import_items[0m[2m:[0m Importing items and base items [3mcount[0m[2m=[0m0
[2m2026-08-31T08:33:47.820211Z[0m [32m INFO[0m [2madventure_sheets::importers::import_items[0m[2m:[0m Successfully imported 0 item records. [3mcount[0m[2m=[0m0
[2m2026-08-31T08:33:47.820218Z[0m [32m INFO[0m [2madventure_sheets::importers::import_monsters[0m[2m:[0m Starting import of monsters from JSON data
[2m2026-08-31T08:33:47.820225Z[0m [32m INFO[0m [2madventure_sheets::importers::import_optional_features[0m[2m:[0m Starting import of optional features from JSON data
[2m2026-08-31T08:33:47.829179Z[0m [32m INFO[0m [2madventure_sheets::importers::import_feats[0m[2m:[0m Starting import of feats from JSON data
[2m2026-08-31T08:33:47.829204Z[0m [32m INFO[0m [2madventure_sheets::importers::import_classes[0m[2m:[0m Starting import of classes from JSON data
[2m2026-08-31T08:33:47.829211Z[0m [32m INFO[0m [2madventure_sheets::importers::import_classes[0m[2m:[0m Importing classes and class feature gates [3mcount[0m[2m=[0m1
[2m2026-08-31T08:33:47.839461Z[0m [32m INFO[0m [2madventure_sheets::importers::import_classes[0m[2m:[0m Importing class features [3mcount[0m[2m=[0m23
[2m2026-08-31T08:33:47.898580Z[0m [32m INFO[0m [2madventure_sheets::importers::import_classes[0m[2m:[0m Importing subclasses [3mcount[0m[2m=[0m6
[2m2026-08-31T08:33:47.916289Z[0m [32m INFO[0m [2madventure_sheets::importers::import_classes[0m[2m:[0m Importing subclass features [3mcount[0m[2m=[0m36
[2m2026-08-31T08:33:48.037351Z[0m [32m INFO[0m [2madventure_sheets::importers::import_classes[0m[2m:[0m Mapping class-feature gates to subclass features
[2m2026-08-31T08:33:48.113507Z[0m [32m INFO[0m [2madventure_sheets::importers::import_classes[0m[2m:[0m Successfully imported classes, features, subclasses, and subclass features
[2m2026-08-31T08:33:48.113527Z[0m [32m INFO[0m [2madventure_sheets::importers::import_races[0m[2m:[0m Starting import of races from JSON data
[2m2026-08-31T08:33:48.113532Z[0m [32m INFO[0m [2madventure_sheets::importers::import_races[0m[2m:[0m Successfully imported all races, subraces, and race options
[2m2026-08-31T08:33:48.113535Z[0m [32m INFO[0m [2madventure_sheets::importers::import_backgrounds[0m[2m:[0m Starting import of backgrounds from JSON data
[2m2026-08-31T08:33:48.113539Z[0m [32m INFO[0m [2madventure_sheets::importers::import_spells[0m[2m:[0m Starting import of spells from JSON data
[2m2026-08-31T08:33:48.113544Z[0m [32m INFO[0m [2madventure_sheets::importers::import_items[0m[2m:[0m Starting import of items from JSON data
[2m2026-08-31T08:33:48.113547Z[0m [32m INFO[0m [2madventure_sheets::importers::import_items[0m[2m:[0m Importing items and base items [3mcount[0m[2m=[0m0
[2m2026-08-31T08:33:48.113556Z[0m [32m INFO[0m [2madventure_sheets::importers::import_items[0m[2m:[0m Successfully imported 0 item records. [3mcount[0m[2m=[0m0
[2m2026-08-31T08:33:48.113564Z[0m [32m INFO[0m [2madventure_sheets::importers::import_monsters[0m[2m:[0m Starting import of monsters from JSON data
[2m2026-08-31T08:33:48.113568Z[0m [32m INFO[0m [2madventure_sheets::importers::import_optional_features[0m[2m:[0m Starting import of optional features from JSON data
[2m2026-08-31T08:33:48.125934Z[0m [32m INFO[0m [2madventure_sheets::importers::import_feats[0m[2m:[0m Starting import of feats from JSON data
[2m2026-08-31T08:33:48.125979Z[0m [32m INFO[0m [2madventure_sheets::importers::import_classes[0m[2m:[0m Starting import of classes from JSON data
[2m2026-08-31T08:33:48.125990Z[0m [32m INFO[0m [2madventure_sheets::importers::import_classes[0m[2m:[0m Importing classes and class feature gates [3mcount[0m[2m=[0m2
[2m2026-08-31T08:33:48.154965Z[0m [32m INFO[0m [2madventure_sheets::importers::import_classes[0m[2m:[0m Importing class features [3mcount[0m[2m=[0m48
[2m2026-08-31T08:33:48.319176Z[0m [32m INFO[0m [2madventure_sheets::importers::import_classes[0m[2m:[0m Importing subclasses [3mcount[0m[2m=[0m23
[2m2026-08-31T08:33:48.343851Z[0m [32m INFO[0m [2madventure_sheets::importers::import_classes[0m[2m:[0m Importing subclass features [3mcount[0m[2m=[0m116
[2m2026-08-31T08:33:48.623681Z[0m [32m INFO[0m [2madventure_sheets::importers::import_classes[0m[2m:[0m Mapping class-feature gates to subclass features
[2m2026-08-31T08:33:48.786055Z[0m [32m INFO[0m [2madventure_sheets::importers::import_classes[0m[2m:[0m Successfully imported classes, features, subclasses, and subclass features
[2m2026-08-31T08:33:48.786079Z[0m [32m INFO[0m [2madventure_sheets::importers::import_races[0m[2m:[0m Starting import of races from JSON data
[2m2026-08-31T08:33:48.786086Z[0m [32m INFO[0m [2madventure_sheets::importers::import_races[0m[2m:[0m Successfully imported all races, subraces, and race options
[2m2026-08-31T08:33:48.786091Z[0m [32m INFO[0m [2madventure_sheets::importers::import_backgrounds[0m[2m:[0m Starting import of backgrounds from JSON data
[2m2026-08-31T08:33:48.786095Z[0m [32m INFO[0m [2madventure_sheets::importers::import_spells[0m[2m:[0m Starting import of spells from JSON data
[2m2026-08-31T08:33:48.786099Z[0m [32m INFO[0m [2madventure_sheets::importers::import_items[0m[2m:[0m Starting import of items from JSON data
[2m2026-08-31T08:33:48.786105Z[0m [32m INFO[0m [2madventure_sheets::importers::import_items[0m[2m:[0m Importing items and base items [3mcount[0m[2m=[0m0
[2m2026-08-31T08:33:48.786111Z[0m [32m INFO[0m [2madventure_sheets::importers::import_items[0m[2m:[0m Successfully imported 0 item records. [3mcount[0m[2m=[0m0
[2m2026-08-31T08:33:48.786116Z[0m [32m INFO[0m [2madventure_sheets::importers::import_monsters[0m[2m:[0m Starting import of monsters from JSON data
[2m2026-08-31T08:33:48.786124Z[0m [32m INFO[0m [2madventure_sheets::importers::import_optional_features[0m[2m:[0m Starting import of optional features from JSON data
[2m2026-08-31T08:33:48.796777Z[0m [32m INFO[0m [2madventure_sheets::importers::import_feats[0m[2m:[0m Starting import of feats from JSON data
[2m2026-08-31T08:33:48.796813Z[0m [32m INFO[0m [2madventure_sheets::importers::import_classes[0m[2m:[0m Starting import of classes from JSON data
[2m2026-08-31T08:33:48.796824Z[0m [32m INFO[0m [2madventure_sheets::importers::import_classes[0m[2m:[0m Importing classes and class feature gates [3mcount[0m[2m=[0m2
[2m2026-08-31T08:33:48.824917Z[0m [32m INFO[0m [2madventure_sheets::importers::import_classes[0m[2m:[0m Importing class features [3mcount[0m[2m=[0m54
[2m2026-08-31T08:33:48.966942Z[0m [32m INFO[0m [2madventure_sheets::importers::import_classes[0m[2m:[0m Importing subclasses [3mcount[0m[2m=[0m21
[2m2026-08-31T08:33:48.996175Z[0m [32m INFO[0m [2madventure_sheets::importers::import_classes[0m[2m:[0m Importing subclass features [3mcount[0m[2m=[0m94
[2m2026-08-31T08:33:49.298828Z[0m [32m INFO[0m [2madventure_sheets::importers::import_classes[0m[2m:[0m Mapping class-feature gates to subclass features
[2m2026-08-31T08:33:49.518966Z[0m [32m INFO[0m [2madventure_sheets::importers::import_classes[0m[2m:[0m Successfully imported classes, features, subclasses, and subclass features
[2m2026-08-31T08:33:49.519144Z[0m [32m INFO[0m [2madventure_sheets::importers::import_races[0m[2m:[0m Starting import of races from JSON data
[2m2026-08-31T08:33:49.519164Z[0m [32m INFO[0m [2madventure_sheets::importers::import_races[0m[2m:[0m Successfully imported all races, subraces, and race options
[2m2026-08-31T08:33:49.519175Z[0m [32m INFO[0m [2madventure_sheets::importers::import_backgrounds[0m[2m:[0m Starting import of backgrounds from JSON data
[2m2026-08-31T08:33:49.519182Z[0m [32m INFO[0m [2madventure_sheets::importers::import_spells[0m[2m:[0m Starting import of spells from JSON data
[2m2026-08-31T08:33:49.519189Z[0m [32m INFO[0m [2madventure_sheets::importers::import_items[0m[2m:[0m Starting import of items from JSON data
[2m2026-08-31T08:33:49.519195Z[0m [32m INFO[0m [2madventure_sheets::importers::import_items[0m[2m:[0m Importing items and base items [3mcount[0m[2m=[0m0
[2m2026-08-31T08:33:49.519202Z[0m [32m INFO[0m [2madventure_sheets::importers::import_items[0m[2m:[0m Successfully imported 0 item records. [3mcount[0m[2m=[0m0
[2m2026-08-31T08:33:49.519210Z[0m [32m INFO[0m [2madventure_sheets::importers::import_monsters[0m[2m:[0m Starting import of monsters from JSON data
[2m2026-08-31T08:33:49.519216Z[0m [32m INFO[0m [2madventure_sheets::importers::import_optional_features[0m[2m:[0m Starting import of optional features from JSON data
[2m2026-08-31T08:33:49.548361Z[0m [32m INFO[0m [2madventure_sheets::importers::import_feats[0m[2m:[0m Starting import of feats from JSON data
[2m2026-08-31T08:33:49.548412Z[0m [32m INFO[0m [2madventure_sheets::importers::import_classes[0m[2m:[0m Starting import of classes from JSON data
[2m2026-08-31T08:33:49.548422Z[0m [32m INFO[0m [2madventure_sheets::importers::import_classes[0m[2m:[0m Importing classes and class feature gates [3mcount[0m[2m=[0m2
[2m2026-08-31T08:33:49.619928Z[0m [32m INFO[0m [2madventure_sheets::importers::import_classes[0m[2m:[0m Importing class features [3mcount[0m[2m=[0m55
[2m2026-08-31T08:33:49.794198Z[0m [32m INFO[0m [2madventure_sheets::importers::import_classes[0m[2m:[0m Importing subclasses [3mcount[0m[2m=[0m23
[2m2026-08-31T08:33:49.820468Z[0m [32m INFO[0m [2madventure_sheets::importers::import_classes[0m[2m:[0m Importing subclass features [3mcount[0m[2m=[0m93
[2m2026-08-31T08:33:50.051784Z[0m [32m INFO[0m [2madventure_sheets::importers::import_classes[0m[2m:[0m Mapping class-feature gates to subclass features
[2m2026-08-31T08:33:50.188466Z[0m [32m INFO[0m [2madventure_sheets::importers::import_classes[0m[2m:[0m Successfully imported classes, features, subclasses, and subclass features
[2m2026-08-31T08:33:50.188494Z[0m [32m INFO[0m [2madventure_sheets::importers::import_races[0m[2m:[0m Starting import of races from JSON data
[2m2026-08-31T08:33:50.188501Z[0m [32m INFO[0m [2madventure_sheets::importers::import_races[0m[2m:[0m Successfully imported all races, subraces, and race options
[2m2026-08-31T08:33:50.188504Z[0m [32m INFO[0m [2madventure_sheets::importers::import_backgrounds[0m[2m:[0m Starting import of backgrounds from JSON data
[2m2026-08-31T08:33:50.188507Z[0m [32m INFO[0m [2madventure_sheets::importers::import_spells[0m[2m:[0m Starting import of spells from JSON data
[2m2026-08-31T08:33:50.188510Z[0m [32m INFO[0m [2madventure_sheets::importers::import_items[0m[2m:[0m Starting import of items from JSON data
[2m2026-08-31T08:33:50.188519Z[0m [32m INFO[0m [2madventure_sheets::importers::import_items[0m[2m:[0m Importing items and base items [3mcount[0m[2m=[0m0
[2m2026-08-31T08:33:50.188532Z[0m [32m INFO[0m [2madventure_sheets::importers::import_items[0m[2m:[0m Successfully imported 0 item records. [3mcount[0m[2m=[0m0
[2m2026-08-31T08:33:50.188544Z[0m [32m INFO[0m [2madventure_sheets::importers::import_monsters[0m[2m:[0m Starting import of monsters from JSON data
[2m2026-08-31T08:33:50.188549Z[0m [32m INFO[0m [2madventure_sheets::importers::import_optional_features[0m[2m:[0m Starting import of optional features from JSON data
[2m2026-08-31T08:33:50.196224Z[0m [32m INFO[0m [2madventure_sheets::importers::import_feats[0m[2m:[0m Starting import of feats from JSON data
[2m2026-08-31T08:33:50.196249Z[0m [32m INFO[0m [2madventure_sheets::importers::import_classes[0m[2m:[0m Starting import of classes from JSON data
[2m2026-08-31T08:33:50.196254Z[0m [32m INFO[0m [2madventure_sheets::importers::import_classes[0m[2m:[0m Importing classes and class feature gates [3mcount[0m[2m=[0m3
[2m2026-08-31T08:33:50.225222Z[0m [32m INFO[0m [2madventure_sheets::importers::import_classes[0m[2m:[0m Importing class features [3mcount[0m[2m=[0m47
[2m2026-08-31T08:33:50.354604Z[0m [32m INFO[0m [2madventure_sheets::importers::import_classes[0m[2m:[0m Mapping class-feature gates to subclass features
[2m2026-08-31T08:33:50.355443Z[0m [32m INFO[0m [2madventure_sheets::importers::import_classes[0m[2m:[0m Successfully imported classes, features, subclasses, and subclass features
[2m2026-08-31T08:33:50.355507Z[0m [32m INFO[0m [2madventure_sheets::importers::import_races[0m[2m:[0m Starting import of races from JSON data
[2m2026-08-31T08:33:50.355514Z[0m [32m INFO[0m [2madventure_sheets::importers::import_races[0m[2m:[0m Successfully imported all races, subraces, and race options
[2m2026-08-31T08:33:50.355518Z[0m [32m INFO[0m [2madventure_sheets::importers::import_backgrounds[0m[2m:[0m Starting import of backgrounds from JSON data
[2m2026-08-31T08:33:50.355523Z[0m [32m INFO[0m [2madventure_sheets::importers::import_spells[0m[2m:[0m Starting import of spells from JSON data
[2m2026-08-31T08:33:50.355527Z[0m [32m INFO[0m [2madventure_sheets::importers::import_items[0m[2m:[0m Starting import of items from JSON data
[2m2026-08-31T08:33:50.355534Z[0m [32m INFO[0m [2madventure_sheets::importers::import_items[0m[2m:[0m Importing items and base items [3mcount[0m[2m=[0m0
[2m2026-08-31T08:33:50.355540Z[0m [32m INFO[0m [2madventure_sheets::importers::import_items[0m[2m:[0m Successfully imported 0 item records. [3mcount[0m[2m=[0m0
[2m2026-08-31T08:33:50.355563Z[0m [32m INFO[0m [2madventure_sheets::importers::import_monsters[0m[2m:[0m Starting import of monsters from JSON data
[2m2026-08-31T08:33:50.355568Z[0m [32m INFO[0m [2madventure_sheets::importers::import_optional_features[0m[2m:[0m Starting import of optional features from JSON data
[2m2026-08-31T08:33:50.365273Z[0m [32m INFO[0m [2madventure_sheets::importers::import_feats[0m[2m:[0m Starting import of feats from JSON data
[2m2026-08-31T08:33:50.365299Z[0m [32m INFO[0m [2madventure_sheets::importers::import_classes[0m[2m:[0m Starting import of classes from JSON data
[2m2026-08-31T08:33:50.365312Z[0m [32m INFO[0m [2madventure_sheets::importers::import_classes[0m[2m:[0m Importing classes and class feature gates [3mcount[0m[2m=[0m2
[2m2026-08-31T08:33:50.393695Z[0m [32m INFO[0m [2madventure_sheets::importers::import_classes[0m[2m:[0m Importing class features [3mcount[0m[2m=[0m39
[2m2026-08-31T08:33:50.502544Z[0m [32m INFO[0m [2madventure_sheets::importers::import_classes[0m[2m:[0m Importing subclasses [3mcount[0m[2m=[0m23
[2m2026-08-31T08:33:50.529482Z[0m [32m INFO[0m [2madventure_sheets::importers::import_classes[0m[2m:[0m Importing subclass features [3mcount[0m[2m=[0m98
[2m2026-08-31T08:33:50.762289Z[0m [32m INFO[0m [2madventure_sheets::importers::import_classes[0m[2m:[0m Mapping class-feature gates to subclass features
[2m2026-08-31T08:33:50.907414Z[0m [32m INFO[0m [2madventure_sheets::importers::import_classes[0m[2m:[0m Successfully imported classes, features, subclasses, and subclass features
[2m2026-08-31T08:33:50.907440Z[0m [32m INFO[0m [2madventure_sheets::importers::import_races[0m[2m:[0m Starting import of races from JSON data
[2m2026-08-31T08:33:50.907447Z[0m [32m INFO[0m [2madventure_sheets::importers::import_races[0m[2m:[0m Successfully imported all races, subraces, and race options
[2m2026-08-31T08:33:50.907453Z[0m [32m INFO[0m [2madventure_sheets::importers::import_backgrounds[0m[2m:[0m Starting import of backgrounds from JSON data
[2m2026-08-31T08:33:50.907456Z[0m [32m INFO[0m [2madventure_sheets::importers::import_spells[0m[2m:[0m Starting import of spells from JSON data
[2m2026-08-31T08:33:50.907460Z[0m [32m INFO[0m [2madventure_sheets::importers::import_items[0m[2m:[0m Starting import of items from JSON data
[2m2026-08-31T08:33:50.907463Z[0m [32m INFO[0m [2madventure_sheets::importers::import_items[0m[2m:[0m Importing items and base items [3mcount[0m[2m=[0m0
[2m2026-08-31T08:33:50.907467Z[0m [32m INFO[0m [2madventure_sheets::importers::import_items[0m[2m:[0m Successfully imported 0 item records. [3mcount[0m[2m=[0m0
[2m2026-08-31T08:33:50.907471Z[0m [32m INFO[0m [2madventure_sheets::importers::import_monsters[0m[2m:[0m Starting import of monsters from JSON data
[2m2026-08-31T08:33:50.907476Z[0m [32m INFO[0m [2madventure_sheets::importers::import_optional_features[0m[2m:[0m Starting import of optional features from JSON data
[2m2026-08-31T08:33:50.919747Z[0m [32m INFO[0m [2madventure_sheets::importers::import_feats[0m[2m:[0m Starting import of feats from JSON data
[2m2026-08-31T08:33:50.919777Z[0m [32m INFO[0m [2madventure_sheets::importers::import_classes[0m[2m:[0m Starting import of classes from JSON data
[2m2026-08-31T08:33:50.919787Z[0m [32m INFO[0m [2madventure_sheets::importers::import_classes[0m[2m:[0m Importing classes and class feature gates [3mcount[0m[2m=[0m2
[2m2026-08-31T08:33:50.946348Z[0m [32m INFO[0m [2madventure_sheets::importers::import_classes[0m[2m:[0m Importing class features [3mcount[0m[2m=[0m37
[2m2026-08-31T08:33:51.057359Z[0m [32m INFO[0m [2madventure_sheets::importers::import_classes[0m[2m:[0m Importing subclasses [3mcount[0m[2m=[0m22
[2m2026-08-31T08:33:51.088238Z[0m [32m INFO[0m [2madventure_sheets::importers::import_classes[0m[2m:[0m Importing subclass features [3mcount[0m[2m=[0m86
[2m2026-08-31T08:33:51.292349Z[0m [32m INFO[0m [2madventure_sheets::importers::import_classes[0m[2m:[0m Mapping class-feature gates to subclass features
[2m2026-08-31T08:33:51.406368Z[0m [32m INFO[0m [2madventure_sheets::importers::import_classes[0m[2m:[0m Successfully imported classes, features, subclasses, and subclass features
[2m2026-08-31T08:33:51.406406Z[0m [32m INFO[0m [2madventure_sheets::importers::import_races[0m[2m:[0m Starting import of races from JSON data
[2m2026-08-31T08:33:51.406415Z[0m [32m INFO[0m [2madventure_sheets::importers::import_races[0m[2m:[0m Successfully imported all races, subraces, and race options
[2m2026-08-31T08:33:51.406420Z[0m [32m INFO[0m [2madventure_sheets::importers::import_backgrounds[0m[2m:[0m Starting import of backgrounds from JSON data
[2m2026-08-31T08:33:51.406428Z[0m [32m INFO[0m [2madventure_sheets::importers::import_spells[0m[2m:[0m Starting import of spells from JSON data
[2m2026-08-31T08:33:51.406434Z[0m [32m INFO[0m [2madventure_sheets::importers::import_items[0m[2m:[0m Starting import of items from JSON data
[2m2026-08-31T08:33:51.406441Z[0m [32m INFO[0m [2madventure_sheets::importers::import_items[0m[2m:[0m Importing items and base items [3mcount[0m[2m=[0m0
[2m2026-08-31T08:33:51.406449Z[0m [32m INFO[0m [2madventure_sheets::importers::import_items[0m[2m:[0m Successfully imported 0 item records. [3mcount[0m[2m=[0m0
[2m2026-08-31T08:33:51.406473Z[0m [32m INFO[0m [2madventure_sheets::importers::import_monsters[0m[2m:[0m Starting import of monsters from JSON data
[2m2026-08-31T08:33:51.406492Z[0m [32m INFO[0m [2madventure_sheets::importers::import_optional_features[0m[2m:[0m Starting import of optional features from JSON data
[2m2026-08-31T08:33:51.418225Z[0m [32m INFO[0m [2madventure_sheets::importers::import_feats[0m[2m:[0m Starting import of feats from JSON data
[2m2026-08-31T08:33:51.418258Z[0m [32m INFO[0m [2madventure_sheets::importers::import_classes[0m[2m:[0m Starting import of classes from JSON data
[2m2026-08-31T08:33:51.418266Z[0m [32m INFO[0m [2madventure_sheets::importers::import_classes[0m[2m:[0m Importing classes and class feature gates [3mcount[0m[2m=[0m2
[2m2026-08-31T08:33:51.438683Z[0m [32m INFO[0m [2madventure_sheets::importers::import_classes[0m[2m:[0m Importing class features [3mcount[0m[2m=[0m30
[2m2026-08-31T08:33:51.527872Z[0m [32m INFO[0m [2madventure_sheets::importers::import_classes[0m[2m:[0m Importing subclasses [3mcount[0m[2m=[0m31
[2m2026-08-31T08:33:51.563818Z[0m [32m INFO[0m [2madventure_sheets::importers::import_classes[0m[2m:[0m Importing subclass features [3mcount[0m[2m=[0m121
[2m2026-08-31T08:33:51.834506Z[0m [32m INFO[0m [2madventure_sheets::importers::import_classes[0m[2m:[0m Mapping class-feature gates to subclass features
[2m2026-08-31T08:33:51.983951Z[0m [32m INFO[0m [2madventure_sheets::importers::import_classes[0m[2m:[0m Successfully imported classes, features, subclasses, and subclass features
[2m2026-08-31T08:33:51.983981Z[0m [32m INFO[0m [2madventure_sheets::importers::import_races[0m[2m:[0m Starting import of races from JSON data
[2m2026-08-31T08:33:51.983992Z[0m [32m INFO[0m [2madventure_sheets::importers::import_races[0m[2m:[0m Successfully imported all races, subraces, and race options
[2m2026-08-31T08:33:51.983998Z[0m [32m INFO[0m [2madventure_sheets::importers::import_backgrounds[0m[2m:[0m Starting import of backgrounds from JSON data
[2m2026-08-31T08:33:51.984002Z[0m [32m INFO[0m [2madventure_sheets::importers::import_spells[0m[2m:[0m Starting import of spells from JSON data
[2m2026-08-31T08:33:51.984007Z[0m [32m INFO[0m [2madventure_sheets::importers::import_items[0m[2m:[0m Starting import of items from JSON data
[2m2026-08-31T08:33:51.984012Z[0m [32m INFO[0m [2madventure_sheets::importers::import_items[0m[2m:[0m Importing items and base items [3mcount[0m[2m=[0m0
[2m2026-08-31T08:33:51.984029Z[0m [32m INFO[0m [2madventure_sheets::importers::import_items[0m[2m:[0m Successfully imported 0 item records. [3mcount[0m[2m=[0m0
[2m2026-08-31T08:33:51.984041Z[0m [32m INFO[0m [2madventure_sheets::importers::import_monsters[0m[2m:[0m Starting import of monsters from JSON data
[2m2026-08-31T08:33:51.984046Z[0m [32m INFO[0m [2madventure_sheets::importers::import_optional_features[0m[2m:[0m Starting import of optional features from JSON data
[2m2026-08-31T08:33:51.994684Z[0m [32m INFO[0m [2madventure_sheets::importers::import_feats[0m[2m:[0m Starting import of feats from JSON data
[2m2026-08-31T08:33:51.994718Z[0m [32m INFO[0m [2madventure_sheets::importers::import_classes[0m[2m:[0m Starting import of classes from JSON data
[2m2026-08-31T08:33:51.994725Z[0m [32m INFO[0m [2madventure_sheets::importers::import_classes[0m[2m:[0m Successfully imported classes, features, subclasses, and subclass features
[2m2026-08-31T08:33:51.994730Z[0m [32m INFO[0m [2madventure_sheets::importers::import_races[0m[2m:[0m Starting import of races from JSON data
[2m2026-08-31T08:33:51.994734Z[0m [32m INFO[0m [2madventure_sheets::importers::import_races[0m[2m:[0m Successfully imported all races, subraces, and race options
[2m2026-08-31T08:33:51.994738Z[0m [32m INFO[0m [2madventure_sheets::importers::import_backgrounds[0m[2m:[0m Starting import of backgrounds from JSON data
[2m2026-08-31T08:33:51.994750Z[0m [32m INFO[0m [2madventure_sheets::importers::import_spells[0m[2m:[0m Starting import of spells from JSON data
[2m2026-08-31T08:33:51.994766Z[0m [32m INFO[0m [2madventure_sheets::importers::import_items[0m[2m:[0m Starting import of items from JSON data
[2m2026-08-31T08:33:51.994773Z[0m [32m INFO[0m [2madventure_sheets::importers::import_items[0m[2m:[0m Importing items and base items [3mcount[0m[2m=[0m0
[2m2026-08-31T08:33:51.994803Z[0m [32m INFO[0m [2madventure_sheets::importers::import_items[0m[2m:[0m Successfully imported 0 item records. [3mcount[0m[2m=[0m0
[2m2026-08-31T08:33:51.994810Z[0m [32m INFO[0m [2madventure_sheets::importers::import_monsters[0m[2m:[0m Starting import of monsters from JSON data
[2m2026-08-31T08:33:51.994817Z[0m [32m INFO[0m [2madventure_sheets::importers::import_optional_features[0m[2m:[0m Starting import of optional features from JSON data
[2m2026-08-31T08:33:52.002904Z[0m [32m INFO[0m [2madventure_sheets::importers::import_feats[0m[2m:[0m Starting import of feats from JSON data
[2m2026-08-31T08:33:52.002934Z[0m [32m INFO[0m [2madventure_sheets::importers::import_classes[0m[2m:[0m Starting import of classes from JSON data
[2m2026-08-31T08:33:52.002941Z[0m [32m INFO[0m [2madventure_sheets::importers::import_classes[0m[2m:[0m Successfully imported classes, features, subclasses, and subclass features
[2m2026-08-31T08:33:52.002946Z[0m [32m INFO[0m [2madventure_sheets::importers::import_races[0m[2m:[0m Starting import of races from JSON data
[2m2026-08-31T08:33:52.002950Z[0m [32m INFO[0m [2madventure_sheets::importers::import_races[0m[2m:[0m Successfully imported all races, subraces, and race options
[2m2026-08-31T08:33:52.002955Z[0m [32m INFO[0m [2madventure_sheets::importers::import_backgrounds[0m[2m:[0m Starting import of backgrounds from JSON data
[2m2026-08-31T08:33:52.002959Z[0m [32m INFO[0m [2madventure_sheets::importers::import_spells[0m[2m:[0m Starting import of spells from JSON data
[2m2026-08-31T08:33:52.002966Z[0m [32m INFO[0m [2madventure_sheets::importers::import_items[0m[2m:[0m Starting import of items from JSON data
[2m2026-08-31T08:33:52.002971Z[0m [32m INFO[0m [2madventure_sheets::importers::import_items[0m[2m:[0m Importing items and base items [3mcount[0m[2m=[0m0
[2m2026-08-31T08:33:52.002976Z[0m [32m INFO[0m [2madventure_sheets::importers::import_items[0m[2m:[0m Successfully imported 0 item records. [3mcount[0m[2m=[0m0
[2m2026-08-31T08:33:52.002980Z[0m [32m INFO[0m [2madventure_sheets::importers::import_monsters[0m[2m:[0m Starting import of monsters from JSON data
[2m2026-08-31T08:33:52.002984Z[0m [32m INFO[0m [2madventure_sheets::importers::import_optional_features[0m[2m:[0m Starting import of optional features from JSON data
[2m2026-08-31T08:33:52.012457Z[0m [32m INFO[0m [2madventure_sheets::importers::import_feats[0m[2m:[0m Starting import of feats from JSON data
[2m2026-08-31T08:33:52.012481Z[0m [32m INFO[0m [2madventure_sheets::importers::import_classes[0m[2m:[0m Starting import of classes from JSON data
[2m2026-08-31T08:33:52.012486Z[0m [32m INFO[0m [2madventure_sheets::importers::import_classes[0m[2m:[0m Successfully imported classes, features, subclasses, and subclass features
[2m2026-08-31T08:33:52.012490Z[0m [32m INFO[0m [2madventure_sheets::importers::import_races[0m[2m:[0m Starting import of races from JSON data
[2m2026-08-31T08:33:52.012494Z[0m [32m INFO[0m [2madventure_sheets::importers::import_races[0m[2m:[0m Successfully imported all races, subraces, and race options
[2m2026-08-31T08:33:52.012497Z[0m [32m INFO[0m [2madventure_sheets::importers::import_backgrounds[0m[2m:[0m Starting import of backgrounds from JSON data
[2m2026-08-31T08:33:52.012501Z[0m [32m INFO[0m [2madventure_sheets::importers::import_spells[0m[2m:[0m Starting import of spells from JSON data
[2m2026-08-31T08:33:52.012513Z[0m [32m INFO[0m [2madventure_sheets::importers::import_items[0m[2m:[0m Starting import of items from JSON data
[2m2026-08-31T08:33:52.012525Z[0m [32m INFO[0m [2madventure_sheets::importers::import_items[0m[2m:[0m Importing items and base items [3mcount[0m[2m=[0m0
[2m2026-08-31T08:33:52.012531Z[0m [32m INFO[0m [2madventure_sheets::importers::import_items[0m[2m:[0m Successfully imported 0 item records. [3mcount[0m[2m=[0m0
[2m2026-08-31T08:33:52.012537Z[0m [32m INFO[0m [2madventure_sheets::importers::import_monsters[0m[2m:[0m Starting import of monsters from JSON data
[2m2026-08-31T08:33:52.012543Z[0m [32m INFO[0m [2madventure_sheets::importers::import_optional_features[0m[2m:[0m Starting import of optional features from JSON data
[2m2026-08-31T08:33:52.019322Z[0m [32m INFO[0m [2madventure_sheets::importers::import_feats[0m[2m:[0m Starting import of feats from JSON data
[2m2026-08-31T08:33:52.019346Z[0m [32m INFO[0m [2madventure_sheets::importers::import_classes[0m[2m:[0m Starting import of classes from JSON data
[2m2026-08-31T08:33:52.019353Z[0m [32m INFO[0m [2madventure_sheets::importers::import_classes[0m[2m:[0m Successfully imported classes, features, subclasses, and subclass features
[2m2026-08-31T08:33:52.019359Z[0m [32m INFO[0m [2madventure_sheets::importers::import_races[0m[2m:[0m Starting import of races from JSON data
[2m2026-08-31T08:33:52.019365Z[0m [32m INFO[0m [2madventure_sheets::importers::import_races[0m[2m:[0m Successfully imported all races, subraces, and race options
[2m2026-08-31T08:33:52.019370Z[0m [32m INFO[0m [2madventure_sheets::importers::import_backgrounds[0m[2m:[0m Starting import of backgrounds from JSON data
[2m2026-08-31T08:33:52.019375Z[0m [32m INFO[0m [2madventure_sheets::importers::import_spells[0m[2m:[0m Starting import of spells from JSON data
[2m2026-08-31T08:33:52.019380Z[0m [32m INFO[0m [2madventure_sheets::importers::import_items[0m[2m:[0m Starting import of items from JSON data
[2m2026-08-31T08:33:52.019388Z[0m [32m INFO[0m [2madventure_sheets::importers::import_items[0m[2m:[0m Importing items and base items [3mcount[0m[2m=[0m0
[2m2026-08-31T08:33:52.019394Z[0m [32m INFO[0m [2madventure_sheets::importers::import_items[0m[2m:[0m Successfully imported 0 item records. [3mcount[0m[2m=[0m0
[2m2026-08-31T08:33:52.019400Z[0m [32m INFO[0m [2madventure_sheets::importers::import_monsters[0m[2m:[0m Starting import of monsters from JSON data
[2m2026-08-31T08:33:52.019406Z[0m [32m INFO[0m [2madventure_sheets::importers::import_optional_features[0m[2m:[0m Starting import of optional features from JSON data
[2m2026-08-31T08:33:52.028859Z[0m [32m INFO[0m [2madventure_sheets::importers::import_feats[0m[2m:[0m Starting import of feats from JSON data
[2m2026-08-31T08:33:52.028886Z[0m [32m INFO[0m [2madventure_sheets::importers::import_classes[0m[2m:[0m Starting import of classes from JSON data
[2m2026-08-31T08:33:52.028891Z[0m [32m INFO[0m [2madventure_sheets::importers::import_classes[0m[2m:[0m Successfully imported classes, features, subclasses, and subclass features
[2m2026-08-31T08:33:52.028895Z[0m [32m INFO[0m [2madventure_sheets::importers::import_races[0m[2m:[0m Starting import of races from JSON data
[2m2026-08-31T08:33:52.028901Z[0m [32m INFO[0m [2madventure_sheets::importers::import_races[0m[2m:[0m Successfully imported all races, subraces, and race options
[2m2026-08-31T08:33:52.028904Z[0m [32m INFO[0m [2madventure_sheets::importers::import_backgrounds[0m[2m:[0m Starting import of backgrounds from JSON data
[2m2026-08-31T08:33:52.028907Z[0m [32m INFO[0m [2madventure_sheets::importers::import_spells[0m[2m:[0m Starting import of spells from JSON data
[2m2026-08-31T08:33:52.028911Z[0m [32m INFO[0m [2madventure_sheets::importers::import_items[0m[2m:[0m Starting import of items from JSON data
[2m2026-08-31T08:33:52.028921Z[0m [32m INFO[0m [2madventure_sheets::importers::import_items[0m[2m:[0m Importing items and base items [3mcount[0m[2m=[0m0
[2m2026-08-31T08:33:52.028933Z[0m [32m INFO[0m [2madventure_sheets::importers::import_items[0m[2m:[0m Successfully imported 0 item records. [3mcount[0m[2m=[0m0
[2m2026-08-31T08:33:52.028937Z[0m [32m INFO[0m [2madventure_sheets::importers::import_monsters[0m[2m:[0m Starting import of monsters from JSON data
[2m2026-08-31T08:33:52.028941Z[0m [32m INFO[0m [2madventure_sheets::importers::import_optional_features[0m[2m:[0m Starting import of optional features from JSON data
[2m2026-08-31T08:33:52.035836Z[0m [32m INFO[0m [2madventure_sheets::importers::import_feats[0m[2m:[0m Starting import of feats from JSON data
[2m2026-08-31T08:33:52.035861Z[0m [32m INFO[0m [2madventure_sheets::importers::import_classes[0m[2m:[0m Starting import of classes from JSON data
[2m2026-08-31T08:33:52.035866Z[0m [32m INFO[0m [2madventure_sheets::importers::import_classes[0m[2m:[0m Successfully imported classes, features, subclasses, and subclass features
[2m2026-08-31T08:33:52.035870Z[0m [32m INFO[0m [2madventure_sheets::importers::import_races[0m[2m:[0m Starting import of races from JSON data
[2m2026-08-31T08:33:52.035874Z[0m [32m INFO[0m [2madventure_sheets::importers::import_races[0m[2m:[0m Successfully imported all races, subraces, and race options
[2m2026-08-31T08:33:52.035877Z[0m [32m INFO[0m [2madventure_sheets::importers::import_backgrounds[0m[2m:[0m Starting import of backgrounds from JSON data
[2m2026-08-31T08:33:52.035881Z[0m [32m INFO[0m [2madventure_sheets::importers::import_spells[0m[2m:[0m Starting import of spells from JSON data
[2m2026-08-31T08:33:52.035887Z[0m [32m INFO[0m [2madventure_sheets::importers::import_items[0m[2m:[0m Starting import of items from JSON data
[2m2026-08-31T08:33:52.035890Z[0m [32m INFO[0m [2madventure_sheets::importers::import_items[0m[2m:[0m Importing items and base items [3mcount[0m[2m=[0m0
[2m2026-08-31T08:33:52.035894Z[0m [32m INFO[0m [2madventure_sheets::importers::import_items[0m[2m:[0m Successfully imported 0 item records. [3mcount[0m[2m=[0m0
[2m2026-08-31T08:33:52.035898Z[0m [32m INFO[0m [2madventure_sheets::importers::import_monsters[0m[2m:[0m Starting import of monsters from JSON data
[2m2026-08-31T08:33:52.035904Z[0m [32m INFO[0m [2madventure_sheets::importers::import_optional_features[0m[2m:[0m Starting import of optional features from JSON data
[2m2026-08-31T08:33:52.044069Z[0m [32m INFO[0m [2madventure_sheets::importers::import_feats[0m[2m:[0m Starting import of feats from JSON data
[2m2026-08-31T08:33:52.044106Z[0m [32m INFO[0m [2madventure_sheets::importers::import_classes[0m[2m:[0m Starting import of classes from JSON data
[2m2026-08-31T08:33:52.044116Z[0m [32m INFO[0m [2madventure_sheets::importers::import_classes[0m[2m:[0m Successfully imported classes, features, subclasses, and subclass features
[2m2026-08-31T08:33:52.044121Z[0m [32m INFO[0m [2madventure_sheets::importers::import_races[0m[2m:[0m Starting import of races from JSON data
[2m2026-08-31T08:33:52.044125Z[0m [32m INFO[0m [2madventure_sheets::importers::import_races[0m[2m:[0m Successfully imported all races, subraces, and race options
[2m2026-08-31T08:33:52.044129Z[0m [32m INFO[0m [2madventure_sheets::importers::import_backgrounds[0m[2m:[0m Starting import of backgrounds from JSON data
[2m2026-08-31T08:33:52.044133Z[0m [32m INFO[0m [2madventure_sheets::importers::import_spells[0m[2m:[0m Starting import of spells from JSON data
[2m2026-08-31T08:33:52.044137Z[0m [32m INFO[0m [2madventure_sheets::importers::import_items[0m[2m:[0m Starting import of items from JSON data
[2m2026-08-31T08:33:52.044140Z[0m [32m INFO[0m [2madventure_sheets::importers::import_items[0m[2m:[0m Importing items and base items [3mcount[0m[2m=[0m0
[2m2026-08-31T08:33:52.044144Z[0m [32m INFO[0m [2madventure_sheets::importers::import_items[0m[2m:[0m Successfully imported 0 item records. [3mcount[0m[2m=[0m0
[2m2026-08-31T08:33:52.044165Z[0m [32m INFO[0m [2madventure_sheets::importers::import_monsters[0m[2m:[0m Starting import of monsters from JSON data
[2m2026-08-31T08:33:52.044180Z[0m [32m INFO[0m [2madventure_sheets::importers::import_optional_features[0m[2m:[0m Starting import of optional features from JSON data
[2m2026-08-31T08:33:52.052523Z[0m [32m INFO[0m [2madventure_sheets::importers::import_feats[0m[2m:[0m Starting import of feats from JSON data
[2m2026-08-31T08:33:52.052563Z[0m [32m INFO[0m [2madventure_sheets::importers::import_classes[0m[2m:[0m Starting import of classes from JSON data
[2m2026-08-31T08:33:52.052573Z[0m [32m INFO[0m [2madventure_sheets::importers::import_classes[0m[2m:[0m Successfully imported classes, features, subclasses, and subclass features
[2m2026-08-31T08:33:52.052579Z[0m [32m INFO[0m [2madventure_sheets::importers::import_races[0m[2m:[0m Starting import of races from JSON data
[2m2026-08-31T08:33:52.052594Z[0m [32m INFO[0m [2madventure_sheets::importers::import_races[0m[2m:[0m Successfully imported all races, subraces, and race options
[2m2026-08-31T08:33:52.052599Z[0m [32m INFO[0m [2madventure_sheets::importers::import_backgrounds[0m[2m:[0m Starting import of backgrounds from JSON data
[2m2026-08-31T08:33:52.052608Z[0m [32m INFO[0m [2madventure_sheets::importers::import_spells[0m[2m:[0m Starting import of spells from JSON data
[2m2026-08-31T08:33:52.052614Z[0m [32m INFO[0m [2madventure_sheets::importers::import_items[0m[2m:[0m Starting import of items from JSON data
[2m2026-08-31T08:33:52.052628Z[0m [32m INFO[0m [2madventure_sheets::importers::import_items[0m[2m:[0m Importing items and base items [3mcount[0m[2m=[0m0
[2m2026-08-31T08:33:52.052646Z[0m [32m INFO[0m [2madventure_sheets::importers::import_items[0m[2m:[0m Successfully imported 0 item records. [3mcount[0m[2m=[0m0
[2m2026-08-31T08:33:52.052652Z[0m [32m INFO[0m [2madventure_sheets::importers::import_monsters[0m[2m:[0m Starting import of monsters from JSON data
[2m2026-08-31T08:33:52.052658Z[0m [32m INFO[0m [2madventure_sheets::importers::import_optional_features[0m[2m:[0m Starting import of optional features from JSON data
[2m2026-08-31T08:33:52.060530Z[0m [32m INFO[0m [2madventure_sheets::importers::import_feats[0m[2m:[0m Starting import of feats from JSON data
[2m2026-08-31T08:33:52.060577Z[0m [32m INFO[0m [2madventure_sheets::importers::import_classes[0m[2m:[0m Starting import of classes from JSON data
[2m2026-08-31T08:33:52.060582Z[0m [32m INFO[0m [2madventure_sheets::importers::import_classes[0m[2m:[0m Successfully imported classes, features, subclasses, and subclass features
[2m2026-08-31T08:33:52.060586Z[0m [32m INFO[0m [2madventure_sheets::importers::import_races[0m[2m:[0m Starting import of races from JSON data
[2m2026-08-31T08:33:52.060590Z[0m [32m INFO[0m [2madventure_sheets::importers::import_races[0m[2m:[0m Successfully imported all races, subraces, and race options
[2m2026-08-31T08:33:52.060593Z[0m [32m INFO[0m [2madventure_sheets::importers::import_backgrounds[0m[2m:[0m Starting import of backgrounds from JSON data
[2m2026-08-31T08:33:52.060596Z[0m [32m INFO[0m [2madventure_sheets::importers::import_spells[0m[2m:[0m Starting import of spells from JSON data
[2m2026-08-31T08:33:52.060599Z[0m [32m INFO[0m [2madventure_sheets::importers::import_items[0m[2m:[0m Starting import of items from JSON data
[2m2026-08-31T08:33:52.060604Z[0m [32m INFO[0m [2madventure_sheets::importers::import_items[0m[2m:[0m Importing items and base items [3mcount[0m[2m=[0m0
[2m2026-08-31T08:33:52.060610Z[0m [32m INFO[0m [2madventure_sheets::importers::import_items[0m[2m:[0m Successfully imported 0 item records. [3mcount[0m[2m=[0m0
[2m2026-08-31T08:33:52.060614Z[0m [32m INFO[0m [2madventure_sheets::importers::import_monsters[0m[2m:[0m Starting import of monsters from JSON data
[2m2026-08-31T08:33:52.060623Z[0m [32m INFO[0m [2madventure_sheets::importers::import_optional_features[0m[2m:[0m Starting import of optional features from JSON data
[2m2026-08-31T08:33:52.067826Z[0m [32m INFO[0m [2madventure_sheets::importers::import_feats[0m[2m:[0m Starting import of feats from JSON data
[2m2026-08-31T08:33:52.067863Z[0m [32m INFO[0m [2madventure_sheets::importers::import_classes[0m[2m:[0m Starting import of classes from JSON data
[2m2026-08-31T08:33:52.067871Z[0m [32m INFO[0m [2madventure_sheets::importers::import_classes[0m[2m:[0m Successfully imported classes, features, subclasses, and subclass features
[2m2026-08-31T08:33:52.067878Z[0m [32m INFO[0m [2madventure_sheets::importers::import_races[0m[2m:[0m Starting import of races from JSON data
[2m2026-08-31T08:33:52.067886Z[0m [32m INFO[0m [2madventure_sheets::importers::import_races[0m[2m:[0m Successfully imported all races, subraces, and race options
[2m2026-08-31T08:33:52.067893Z[0m [32m INFO[0m [2madventure_sheets::importers::import_backgrounds[0m[2m:[0m Starting import of backgrounds from JSON data
[2m2026-08-31T08:33:52.067899Z[0m [32m INFO[0m [2madventure_sheets::importers::import_spells[0m[2m:[0m Starting import of spells from JSON data
[2m2026-08-31T08:33:52.067908Z[0m [32m INFO[0m [2madventure_sheets::importers::import_items[0m[2m:[0m Starting import of items from JSON data
[2m2026-08-31T08:33:52.067913Z[0m [32m INFO[0m [2madventure_sheets::importers::import_items[0m[2m:[0m Importing items and base items [3mcount[0m[2m=[0m0
[2m2026-08-31T08:33:52.067919Z[0m [32m INFO[0m [2madventure_sheets::importers::import_items[0m[2m:[0m Successfully imported 0 item records. [3mcount[0m[2m=[0m0
[2m2026-08-31T08:33:52.067926Z[0m [32m INFO[0m [2madventure_sheets::importers::import_monsters[0m[2m:[0m Starting import of monsters from JSON data
[2m2026-08-31T08:33:52.067932Z[0m [32m INFO[0m [2madventure_sheets::importers::import_optional_features[0m[2m:[0m Starting import of optional features from JSON data
[2m2026-08-31T08:33:52.076736Z[0m [32m INFO[0m [2madventure_sheets::importers::import_feats[0m[2m:[0m Starting import of feats from JSON data
[2m2026-08-31T08:33:52.076766Z[0m [32m INFO[0m [2madventure_sheets::importers::import_classes[0m[2m:[0m Starting import of classes from JSON data
[2m2026-08-31T08:33:52.076774Z[0m [32m INFO[0m [2madventure_sheets::importers::import_classes[0m[2m:[0m Successfully imported classes, features, subclasses, and subclass features
[2m2026-08-31T08:33:52.076781Z[0m [32m INFO[0m [2madventure_sheets::importers::import_races[0m[2m:[0m Starting import of races from JSON data
[2m2026-08-31T08:33:52.076786Z[0m [32m INFO[0m [2madventure_sheets::importers::import_races[0m[2m:[0m Successfully imported all races, subraces, and race options
[2m2026-08-31T08:33:52.076790Z[0m [32m INFO[0m [2madventure_sheets::importers::import_backgrounds[0m[2m:[0m Starting import of backgrounds from JSON data
[2m2026-08-31T08:33:52.076796Z[0m [32m INFO[0m [2madventure_sheets::importers::import_spells[0m[2m:[0m Starting import of spells from JSON data
[2m2026-08-31T08:33:52.076801Z[0m [32m INFO[0m [2madventure_sheets::importers::import_items[0m[2m:[0m Starting import of items from JSON data
[2m2026-08-31T08:33:52.076809Z[0m [32m INFO[0m [2madventure_sheets::importers::import_items[0m[2m:[0m Importing items and base items [3mcount[0m[2m=[0m0
[2m2026-08-31T08:33:52.076816Z[0m [32m INFO[0m [2madventure_sheets::importers::import_items[0m[2m:[0m Successfully imported 0 item records. [3mcount[0m[2m=[0m0
[2m2026-08-31T08:33:52.076822Z[0m [32m INFO[0m [2madventure_sheets::importers::import_monsters[0m[2m:[0m Starting import of monsters from JSON data
[2m2026-08-31T08:33:52.076828Z[0m [32m INFO[0m [2madventure_sheets::importers::import_optional_features[0m[2m:[0m Starting import of optional features from JSON data
[2m2026-08-31T08:33:52.084375Z[0m [32m INFO[0m [2madventure_sheets::importers::import_feats[0m[2m:[0m Starting import of feats from JSON data
[2m2026-08-31T08:33:52.084417Z[0m [32m INFO[0m [2madventure_sheets::importers::import_classes[0m[2m:[0m Starting import of classes from JSON data
[2m2026-08-31T08:33:52.084426Z[0m [32m INFO[0m [2madventure_sheets::importers::import_classes[0m[2m:[0m Successfully imported classes, features, subclasses, and subclass features
[2m2026-08-31T08:33:52.084432Z[0m [32m INFO[0m [2madventure_sheets::importers::import_races[0m[2m:[0m Starting import of races from JSON data
[2m2026-08-31T08:33:52.084438Z[0m [32m INFO[0m [2madventure_sheets::importers::import_races[0m[2m:[0m Successfully imported all races, subraces, and race options
[2m2026-08-31T08:33:52.084446Z[0m [32m INFO[0m [2madventure_sheets::importers::import_backgrounds[0m[2m:[0m Starting import of backgrounds from JSON data
[2m2026-08-31T08:33:52.084454Z[0m [32m INFO[0m [2madventure_sheets::importers::import_spells[0m[2m:[0m Starting import of spells from JSON data
[2m2026-08-31T08:33:52.084457Z[0m [32m INFO[0m [2madventure_sheets::importers::import_items[0m[2m:[0m Starting import of items from JSON data
[2m2026-08-31T08:33:52.084461Z[0m [32m INFO[0m [2madventure_sheets::importers::import_items[0m[2m:[0m Importing items and base items [3mcount[0m[2m=[0m0
[2m2026-08-31T08:33:52.084465Z[0m [32m INFO[0m [2madventure_sheets::importers::import_items[0m[2m:[0m Successfully imported 0 item records. [3mcount[0m[2m=[0m0
[2m2026-08-31T08:33:52.084471Z[0m [32m INFO[0m [2madventure_sheets::importers::import_monsters[0m[2m:[0m Starting import of monsters from JSON data
[2m2026-08-31T08:33:52.084475Z[0m [32m INFO[0m [2madventure_sheets::importers::import_optional_features[0m[2m:[0m Starting import of optional features from JSON data
[2m2026-08-31T08:33:52.095661Z[0m [32m INFO[0m [2madventure_sheets::importers::import_feats[0m[2m:[0m Starting import of feats from JSON data
[2m2026-08-31T08:33:52.095687Z[0m [32m INFO[0m [2madventure_sheets::importers::import_classes[0m[2m:[0m Starting import of classes from JSON data
[2m2026-08-31T08:33:52.095694Z[0m [32m INFO[0m [2madventure_sheets::importers::import_classes[0m[2m:[0m Successfully imported classes, features, subclasses, and subclass features
[2m2026-08-31T08:33:52.095700Z[0m [32m INFO[0m [2madventure_sheets::importers::import_races[0m[2m:[0m Starting import of races from JSON data
[2m2026-08-31T08:33:52.095731Z[0m [32m INFO[0m [2madventure_sheets::importers::import_races[0m[2m:[0m Successfully imported all races, subraces, and race options
[2m2026-08-31T08:33:52.095736Z[0m [32m INFO[0m [2madventure_sheets::importers::import_backgrounds[0m[2m:[0m Starting import of backgrounds from JSON data
[2m2026-08-31T08:33:52.095741Z[0m [32m INFO[0m [2madventure_sheets::importers::import_spells[0m[2m:[0m Starting import of spells from JSON data
[2m2026-08-31T08:33:52.095746Z[0m [32m INFO[0m [2madventure_sheets::importers::import_items[0m[2m:[0m Starting import of items from JSON data
[2m2026-08-31T08:33:52.095751Z[0m [32m INFO[0m [2madventure_sheets::importers::import_items[0m[2m:[0m Importing items and base items [3mcount[0m[2m=[0m0
[2m2026-08-31T08:33:52.095757Z[0m [32m INFO[0m [2madventure_sheets::importers::import_items[0m[2m:[0m Successfully imported 0 item records. [3mcount[0m[2m=[0m0
[2m2026-08-31T08:33:52.095764Z[0m [32m INFO[0m [2madventure_sheets::importers::import_monsters[0m[2m:[0m Starting import of monsters from JSON data
[2m2026-08-31T08:33:52.095774Z[0m [32m INFO[0m [2madventure_sheets::importers::import_optional_features[0m[2m:[0m Starting import of optional features from JSON data
[2m2026-08-31T08:33:52.102530Z[0m [32m INFO[0m [2madventure_sheets::importers::import_feats[0m[2m:[0m Starting import of feats from JSON data
[2m2026-08-31T08:33:52.102553Z[0m [32m INFO[0m [2madventure_sheets::importers::import_classes[0m[2m:[0m Starting import of classes from JSON data
[2m2026-08-31T08:33:52.102563Z[0m [32m INFO[0m [2madventure_sheets::importers::import_classes[0m[2m:[0m Successfully imported classes, features, subclasses, and subclass features
[2m2026-08-31T08:33:52.102574Z[0m [32m INFO[0m [2madventure_sheets::importers::import_races[0m[2m:[0m Starting import of races from JSON data
[2m2026-08-31T08:33:52.102577Z[0m [32m INFO[0m [2madventure_sheets::importers::import_races[0m[2m:[0m Successfully imported all races, subraces, and race options
[2m2026-08-31T08:33:52.102581Z[0m [32m INFO[0m [2madventure_sheets::importers::import_backgrounds[0m[2m:[0m Starting import of backgrounds from JSON data
[2m2026-08-31T08:33:52.102585Z[0m [32m INFO[0m [2madventure_sheets::importers::import_spells[0m[2m:[0m Starting import of spells from JSON data
[2m2026-08-31T08:33:52.102588Z[0m [32m INFO[0m [2madventure_sheets::importers::import_items[0m[2m:[0m Starting import of items from JSON data
[2m2026-08-31T08:33:52.102594Z[0m [32m INFO[0m [2madventure_sheets::importers::import_items[0m[2m:[0m Importing items and base items [3mcount[0m[2m=[0m0
[2m2026-08-31T08:33:52.102598Z[0m [32m INFO[0m [2madventure_sheets::importers::import_items[0m[2m:[0m Successfully imported 0 item records. [3mcount[0m[2m=[0m0
[2m2026-08-31T08:33:52.102604Z[0m [32m INFO[0m [2madventure_sheets::importers::import_monsters[0m[2m:[0m Starting import of monsters from JSON data
[2m2026-08-31T08:33:52.102607Z[0m [32m INFO[0m [2madventure_sheets::importers::import_optional_features[0m[2m:[0m Starting import of optional features from JSON data
[2m2026-08-31T08:33:52.110552Z[0m [32m INFO[0m [2madventure_sheets::importers::import_feats[0m[2m:[0m Starting import of feats from JSON data
[2m2026-08-31T08:33:52.110577Z[0m [32m INFO[0m [2madventure_sheets::importers::import_classes[0m[2m:[0m Starting import of classes from JSON data
[2m2026-08-31T08:33:52.110582Z[0m [32m INFO[0m [2madventure_sheets::importers::import_classes[0m[2m:[0m Successfully imported classes, features, subclasses, and subclass features
[2m2026-08-31T08:33:52.110586Z[0m [32m INFO[0m [2madventure_sheets::importers::import_races[0m[2m:[0m Starting import of races from JSON data
[2m2026-08-31T08:33:52.110590Z[0m [32m INFO[0m [2madventure_sheets::importers::import_races[0m[2m:[0m Successfully imported all races, subraces, and race options
[2m2026-08-31T08:33:52.110593Z[0m [32m INFO[0m [2madventure_sheets::importers::import_backgrounds[0m[2m:[0m Starting import of backgrounds from JSON data
[2m2026-08-31T08:33:52.110597Z[0m [32m INFO[0m [2madventure_sheets::importers::import_spells[0m[2m:[0m Starting import of spells from JSON data
[2m2026-08-31T08:33:52.110602Z[0m [32m INFO[0m [2madventure_sheets::importers::import_items[0m[2m:[0m Starting import of items from JSON data
[2m2026-08-31T08:33:52.110607Z[0m [32m INFO[0m [2madventure_sheets::importers::import_items[0m[2m:[0m Importing items and base items [3mcount[0m[2m=[0m0
[2m2026-08-31T08:33:52.110615Z[0m [32m INFO[0m [2madventure_sheets::importers::import_items[0m[2m:[0m Successfully imported 0 item records. [3mcount[0m[2m=[0m0
[2m2026-08-31T08:33:52.110621Z[0m [32m INFO[0m [2madventure_sheets::importers::import_monsters[0m[2m:[0m Starting import of monsters from JSON data
[2m2026-08-31T08:33:52.110626Z[0m [32m INFO[0m [2madventure_sheets::importers::import_optional_features[0m[2m:[0m Starting import of optional features from JSON data
[2m2026-08-31T08:33:52.117163Z[0m [32m INFO[0m [2madventure_sheets::importers::import_feats[0m[2m:[0m Starting import of feats from JSON data
[2m2026-08-31T08:33:52.117196Z[0m [32m INFO[0m [2madventure_sheets::importers::import_classes[0m[2m:[0m Starting import of classes from JSON data
[2m2026-08-31T08:33:52.117204Z[0m [32m INFO[0m [2madventure_sheets::importers::import_classes[0m[2m:[0m Successfully imported classes, features, subclasses, and subclass features
[2m2026-08-31T08:33:52.117221Z[0m [32m INFO[0m [2madventure_sheets::importers::import_races[0m[2m:[0m Starting import of races from JSON data
[2m2026-08-31T08:33:52.117237Z[0m [32m INFO[0m [2madventure_sheets::importers::import_races[0m[2m:[0m Successfully imported all races, subraces, and race options
[2m2026-08-31T08:33:52.117243Z[0m [32m INFO[0m [2madventure_sheets::importers::import_backgrounds[0m[2m:[0m Starting import of backgrounds from JSON data
[2m2026-08-31T08:33:52.117249Z[0m [32m INFO[0m [2madventure_sheets::importers::import_spells[0m[2m:[0m Starting import of spells from JSON data
[2m2026-08-31T08:33:52.117254Z[0m [32m INFO[0m [2madventure_sheets::importers::import_items[0m[2m:[0m Starting import of items from JSON data
[2m2026-08-31T08:33:52.117259Z[0m [32m INFO[0m [2madventure_sheets::importers::import_items[0m[2m:[0m Importing items and base items [3mcount[0m[2m=[0m0
[2m2026-08-31T08:33:52.117265Z[0m [32m INFO[0m [2madventure_sheets::importers::import_items[0m[2m:[0m Successfully imported 0 item records. [3mcount[0m[2m=[0m0
[2m2026-08-31T08:33:52.117272Z[0m [32m INFO[0m [2madventure_sheets::importers::import_monsters[0m[2m:[0m Starting import of monsters from JSON data
[2m2026-08-31T08:33:52.117279Z[0m [32m INFO[0m [2madventure_sheets::importers::import_optional_features[0m[2m:[0m Starting import of optional features from JSON data
[2m2026-08-31T08:33:52.133846Z[0m [32m INFO[0m [2madventure_sheets::importers::import_feats[0m[2m:[0m Starting import of feats from JSON data
[2m2026-08-31T08:33:52.133873Z[0m [32m INFO[0m [2madventure_sheets::importers::import_classes[0m[2m:[0m Starting import of classes from JSON data
[2m2026-08-31T08:33:52.133878Z[0m [32m INFO[0m [2madventure_sheets::importers::import_classes[0m[2m:[0m Importing classes and class feature gates [3mcount[0m[2m=[0m12
[2m2026-08-31T08:33:52.162587Z[0m [32m INFO[0m [2madventure_sheets::importers::import_classes[0m[2m:[0m Importing class features [3mcount[0m[2m=[0m169
[2m2026-08-31T08:33:52.722987Z[0m [32m INFO[0m [2madventure_sheets::importers::import_classes[0m[2m:[0m Importing subclasses [3mcount[0m[2m=[0m19
[2m2026-08-31T08:33:52.723040Z[0m [32m INFO[0m [2madventure_sheets::importers::import_classes[0m[2m:[0m Importing subclass features [3mcount[0m[2m=[0m387
[2m2026-08-31T08:33:53.722815Z[0m [32m INFO[0m [2madventure_sheets::importers::import_classes[0m[2m:[0m Mapping class-feature gates to subclass features
[2m2026-08-31T08:33:53.727844Z[0m [32m INFO[0m [2madventure_sheets::importers::import_classes[0m[2m:[0m Successfully imported classes, features, subclasses, and subclass features
[2m2026-08-31T08:33:53.727890Z[0m [32m INFO[0m [2madventure_sheets::importers::import_races[0m[2m:[0m Starting import of races from JSON data
[2m2026-08-31T08:33:53.727899Z[0m [32m INFO[0m [2madventure_sheets::importers::import_races[0m[2m:[0m Successfully imported all races, subraces, and race options
[2m2026-08-31T08:33:53.727904Z[0m [32m INFO[0m [2madventure_sheets::importers::import_backgrounds[0m[2m:[0m Starting import of backgrounds from JSON data
[2m2026-08-31T08:33:53.727911Z[0m [32m INFO[0m [2madventure_sheets::importers::import_spells[0m[2m:[0m Starting import of spells from JSON data
[2m2026-08-31T08:33:53.727917Z[0m [32m INFO[0m [2madventure_sheets::importers::import_items[0m[2m:[0m Starting import of items from JSON data
[2m2026-08-31T08:33:53.727922Z[0m [32m INFO[0m [2madventure_sheets::importers::import_items[0m[2m:[0m Importing items and base items [3mcount[0m[2m=[0m0
[2m2026-08-31T08:33:53.727929Z[0m [32m INFO[0m [2madventure_sheets::importers::import_items[0m[2m:[0m Successfully imported 0 item records. [3mcount[0m[2m=[0m0
[2m2026-08-31T08:33:53.727935Z[0m [32m INFO[0m [2madventure_sheets::importers::import_monsters[0m[2m:[0m Starting import of monsters from JSON data
[2m2026-08-31T08:33:53.727961Z[0m [32m INFO[0m [2madventure_sheets::importers::import_optional_features[0m[2m:[0m Starting import of optional features from JSON data
[2m2026-08-31T08:33:53.737831Z[0m [32m INFO[0m [2madventure_sheets::importers::import_feats[0m[2m:[0m Starting import of feats from JSON data
[2m2026-08-31T08:33:53.737868Z[0m [32m INFO[0m [2madventure_sheets::importers::import_classes[0m[2m:[0m Starting import of classes from JSON data
[2m2026-08-31T08:33:53.737878Z[0m [32m INFO[0m [2madventure_sheets::importers::import_classes[0m[2m:[0m Successfully imported classes, features, subclasses, and subclass features
[2m2026-08-31T08:33:53.737885Z[0m [32m INFO[0m [2madventure_sheets::importers::import_races[0m[2m:[0m Starting import of races from JSON data
[2m2026-08-31T08:33:53.737892Z[0m [32m INFO[0m [2madventure_sheets::importers::import_races[0m[2m:[0m Successfully imported all races, subraces, and race options
[2m2026-08-31T08:33:53.737898Z[0m [32m INFO[0m [2madventure_sheets::importers::import_backgrounds[0m[2m:[0m Starting import of backgrounds from JSON data
[2m2026-08-31T08:33:53.737904Z[0m [32m INFO[0m [2madventure_sheets::importers::import_spells[0m[2m:[0m Starting import of spells from JSON data
[2m2026-08-31T08:33:53.737910Z[0m [32m INFO[0m [2madventure_sheets::importers::import_items[0m[2m:[0m Starting import of items from JSON data
[2m2026-08-31T08:33:53.737915Z[0m [32m INFO[0m [2madventure_sheets::importers::import_items[0m[2m:[0m Importing items and base items [3mcount[0m[2m=[0m0
[2m2026-08-31T08:33:53.737926Z[0m [32m INFO[0m [2madventure_sheets::importers::import_items[0m[2m:[0m Successfully imported 0 item records. [3mcount[0m[2m=[0m0
[2m2026-08-31T08:33:53.737932Z[0m [32m INFO[0m [2madventure_sheets::importers::import_monsters[0m[2m:[0m Starting import of monsters from JSON data
[2m2026-08-31T08:33:53.737937Z[0m [32m INFO[0m [2madventure_sheets::importers::import_optional_features[0m[2m:[0m Starting import of optional features from JSON data
[2m2026-08-31T08:33:53.750208Z[0m [32m INFO[0m [2madventure_sheets::importers::import_feats[0m[2m:[0m Starting import of feats from JSON data
[2m2026-08-31T08:33:53.750237Z[0m [32m INFO[0m [2madventure_sheets::importers::import_classes[0m[2m:[0m Starting import of classes from JSON data
[2m2026-08-31T08:33:53.750246Z[0m [32m INFO[0m [2madventure_sheets::importers::import_classes[0m[2m:[0m Successfully imported classes, features, subclasses, and subclass features
[2m2026-08-31T08:33:53.750253Z[0m [32m INFO[0m [2madventure_sheets::importers::import_races[0m[2m:[0m Starting import of races from JSON data
[2m2026-08-31T08:33:53.750258Z[0m [32m INFO[0m [2madventure_sheets::importers::import_races[0m[2m:[0m Successfully imported all races, subraces, and race options
[2m2026-08-31T08:33:53.750264Z[0m [32m INFO[0m [2madventure_sheets::importers::import_backgrounds[0m[2m:[0m Starting import of backgrounds from JSON data
[2m2026-08-31T08:33:53.750269Z[0m [32m INFO[0m [2madventure_sheets::importers::import_spells[0m[2m:[0m Starting import of spells from JSON data
[2m2026-08-31T08:33:53.750274Z[0m [32m INFO[0m [2madventure_sheets::importers::import_items[0m[2m:[0m Starting import of items from JSON data
[2m2026-08-31T08:33:53.750318Z[0m [32m INFO[0m [2madventure_sheets::importers::import_items[0m[2m:[0m Importing items and base items [3mcount[0m[2m=[0m0
[2m2026-08-31T08:33:53.750326Z[0m [32m INFO[0m [2madventure_sheets::importers::import_items[0m[2m:[0m Successfully imported 0 item records. [3mcount[0m[2m=[0m0
[2m2026-08-31T08:33:53.750333Z[0m [32m INFO[0m [2madventure_sheets::importers::import_monsters[0m[2m:[0m Starting import of monsters from JSON data
[2m2026-08-31T08:33:53.750339Z[0m [32m INFO[0m [2madventure_sheets::importers::import_optional_features[0m[2m:[0m Starting import of optional features from JSON data
[2m2026-08-31T08:33:53.759264Z[0m [32m INFO[0m [2madventure_sheets::importers::import_feats[0m[2m:[0m Starting import of feats from JSON data
[2m2026-08-31T08:33:53.759310Z[0m [32m INFO[0m [2madventure_sheets::importers::import_classes[0m[2m:[0m Starting import of classes from JSON data
[2m2026-08-31T08:33:53.759320Z[0m [32m INFO[0m [2madventure_sheets::importers::import_classes[0m[2m:[0m Successfully imported classes, features, subclasses, and subclass features
[2m2026-08-31T08:33:53.759327Z[0m [32m INFO[0m [2madventure_sheets::importers::import_races[0m[2m:[0m Starting import of races from JSON data
[2m2026-08-31T08:33:53.759333Z[0m [32m INFO[0m [2madventure_sheets::importers::import_races[0m[2m:[0m Successfully imported all races, subraces, and race options
[2m2026-08-31T08:33:53.759338Z[0m [32m INFO[0m [2madventure_sheets::importers::import_backgrounds[0m[2m:[0m Starting import of backgrounds from JSON data
[2m2026-08-31T08:33:53.759344Z[0m [32m INFO[0m [2madventure_sheets::importers::import_spells[0m[2m:[0m Starting import of spells from JSON data
[2m2026-08-31T08:33:53.759355Z[0m [32m INFO[0m [2madventure_sheets::importers::import_items[0m[2m:[0m Starting import of items from JSON data
[2m2026-08-31T08:33:53.759360Z[0m [32m INFO[0m [2madventure_sheets::importers::import_items[0m[2m:[0m Importing items and base items [3mcount[0m[2m=[0m0
[2m2026-08-31T08:33:53.759366Z[0m [32m INFO[0m [2madventure_sheets::importers::import_items[0m[2m:[0m Successfully imported 0 item records. [3mcount[0m[2m=[0m0
[2m2026-08-31T08:33:53.759371Z[0m [32m INFO[0m [2madventure_sheets::importers::import_monsters[0m[2m:[0m Starting import of monsters from JSON data
[2m2026-08-31T08:33:53.759377Z[0m [32m INFO[0m [2madventure_sheets::importers::import_optional_features[0m[2m:[0m Starting import of optional features from JSON data
[2m2026-08-31T08:33:53.769454Z[0m [32m INFO[0m [2madventure_sheets::importers::import_feats[0m[2m:[0m Starting import of feats from JSON data
[2m2026-08-31T08:33:53.769531Z[0m [32m INFO[0m [2madventure_sheets::importers::import_classes[0m[2m:[0m Starting import of classes from JSON data
[2m2026-08-31T08:33:53.769546Z[0m [32m INFO[0m [2madventure_sheets::importers::import_classes[0m[2m:[0m Successfully imported classes, features, subclasses, and subclass features
[2m2026-08-31T08:33:53.769557Z[0m [32m INFO[0m [2madventure_sheets::importers::import_races[0m[2m:[0m Starting import of races from JSON data
[2m2026-08-31T08:33:53.769567Z[0m [32m INFO[0m [2madventure_sheets::importers::import_races[0m[2m:[0m Successfully imported all races, subraces, and race options
[2m2026-08-31T08:33:53.769574Z[0m [32m INFO[0m [2madventure_sheets::importers::import_backgrounds[0m[2m:[0m Starting import of backgrounds from JSON data
[2m2026-08-31T08:33:53.769584Z[0m [32m INFO[0m [2madventure_sheets::importers::import_spells[0m[2m:[0m Starting import of spells from JSON data
[2m2026-08-31T08:33:53.769602Z[0m [32m INFO[0m [2madventure_sheets::importers::import_items[0m[2m:[0m Starting import of items from JSON data
[2m2026-08-31T08:33:53.769610Z[0m [32m INFO[0m [2madventure_sheets::importers::import_items[0m[2m:[0m Importing items and base items [3mcount[0m[2m=[0m0
[2m2026-08-31T08:33:53.769620Z[0m [32m INFO[0m [2madventure_sheets::importers::import_items[0m[2m:[0m Successfully imported 0 item records. [3mcount[0m[2m=[0m0
[2m2026-08-31T08:33:53.769630Z[0m [32m INFO[0m [2madventure_sheets::importers::import_monsters[0m[2m:[0m Starting import of monsters from JSON data
[2m2026-08-31T08:33:53.769640Z[0m [32m INFO[0m [2madventure_sheets::importers::import_optional_features[0m[2m:[0m Starting import of optional features from JSON data
[2m2026-08-31T08:33:53.780748Z[0m [32m INFO[0m [2madventure_sheets::importers::import_feats[0m[2m:[0m Starting import of feats from JSON data
[2m2026-08-31T08:33:53.780788Z[0m [32m INFO[0m [2madventure_sheets::importers::import_classes[0m[2m:[0m Starting import of classes from JSON data
[2m2026-08-31T08:33:53.780808Z[0m [32m INFO[0m [2madventure_sheets::importers::import_classes[0m[2m:[0m Successfully imported classes, features, subclasses, and subclass features
[2m2026-08-31T08:33:53.780830Z[0m [32m INFO[0m [2madventure_sheets::importers::import_races[0m[2m:[0m Starting import of races from JSON data
[2m2026-08-31T08:33:53.780849Z[0m [32m INFO[0m [2madventure_sheets::importers::import_races[0m[2m:[0m Successfully imported all races, subraces, and race options
[2m2026-08-31T08:33:53.780859Z[0m [32m INFO[0m [2madventure_sheets::importers::import_backgrounds[0m[2m:[0m Starting import of backgrounds from JSON data
[2m2026-08-31T08:33:53.780867Z[0m [32m INFO[0m [2madventure_sheets::importers::import_spells[0m[2m:[0m Starting import of spells from JSON data
[2m2026-08-31T08:33:53.780874Z[0m [32m INFO[0m [2madventure_sheets::importers::import_items[0m[2m:[0m Starting import of items from JSON data
[2m2026-08-31T08:33:53.780881Z[0m [32m INFO[0m [2madventure_sheets::importers::import_items[0m[2m:[0m Importing items and base items [3mcount[0m[2m=[0m0
[2m2026-08-31T08:33:53.780888Z[0m [32m INFO[0m [2madventure_sheets::importers::import_items[0m[2m:[0m Successfully imported 0 item records. [3mcount[0m[2m=[0m0
[2m2026-08-31T08:33:53.780895Z[0m [32m INFO[0m [2madventure_sheets::importers::import_monsters[0m[2m:[0m Starting import of monsters from JSON data
[2m2026-08-31T08:33:53.780902Z[0m [32m INFO[0m [2madventure_sheets::importers::import_optional_features[0m[2m:[0m Starting import of optional features from JSON data
[2m2026-08-31T08:33:53.791251Z[0m [32m INFO[0m [2madventure_sheets::importers::import_feats[0m[2m:[0m Starting import of feats from JSON data
[2m2026-08-31T08:33:53.791293Z[0m [32m INFO[0m [2madventure_sheets::importers::import_classes[0m[2m:[0m Starting import of classes from JSON data
[2m2026-08-31T08:33:53.791303Z[0m [32m INFO[0m [2madventure_sheets::importers::import_classes[0m[2m:[0m Successfully imported classes, features, subclasses, and subclass features
[2m2026-08-31T08:33:53.791309Z[0m [32m INFO[0m [2madventure_sheets::importers::import_races[0m[2m:[0m Starting import of races from JSON data
[2m2026-08-31T08:33:53.791315Z[0m [32m INFO[0m [2madventure_sheets::importers::import_races[0m[2m:[0m Successfully imported all races, subraces, and race options
[2m2026-08-31T08:33:53.791320Z[0m [32m INFO[0m [2madventure_sheets::importers::import_backgrounds[0m[2m:[0m Starting import of backgrounds from JSON data
[2m2026-08-31T08:33:53.791326Z[0m [32m INFO[0m [2madventure_sheets::importers::import_spells[0m[2m:[0m Starting import of spells from JSON data
[2m2026-08-31T08:33:53.791331Z[0m [32m INFO[0m [2madventure_sheets::importers::import_items[0m[2m:[0m Starting import of items from JSON data
[2m2026-08-31T08:33:53.791337Z[0m [32m INFO[0m [2madventure_sheets::importers::import_items[0m[2m:[0m Importing items and base items [3mcount[0m[2m=[0m0
[2m2026-08-31T08:33:53.791345Z[0m [32m INFO[0m [2madventure_sheets::importers::import_items[0m[2m:[0m Successfully imported 0 item records. [3mcount[0m[2m=[0m0
[2m2026-08-31T08:33:53.791351Z[0m [32m INFO[0m [2madventure_sheets::importers::import_monsters[0m[2m:[0m Starting import of monsters from JSON data
[2m2026-08-31T08:33:53.791357Z[0m [32m INFO[0m [2madventure_sheets::importers::import_optional_features[0m[2m:[0m Starting import of optional features from JSON data
[2m2026-08-31T08:33:53.803622Z[0m [32m INFO[0m [2madventure_sheets::importers::import_feats[0m[2m:[0m Starting import of feats from JSON data
[2m2026-08-31T08:33:53.803661Z[0m [32m INFO[0m [2madventure_sheets::importers::import_classes[0m[2m:[0m Starting import of classes from JSON data
[2m2026-08-31T08:33:53.803671Z[0m [32m INFO[0m [2madventure_sheets::importers::import_classes[0m[2m:[0m Successfully imported classes, features, subclasses, and subclass features
[2m2026-08-31T08:33:53.803703Z[0m [32m INFO[0m [2madventure_sheets::importers::import_races[0m[2m:[0m Starting import of races from JSON data
[2m2026-08-31T08:33:53.803724Z[0m [32m INFO[0m [2madventure_sheets::importers::import_races[0m[2m:[0m Successfully imported all races, subraces, and race options
[2m2026-08-31T08:33:53.803731Z[0m [32m INFO[0m [2madventure_sheets::importers::import_backgrounds[0m[2m:[0m Starting import of backgrounds from JSON data
[2m2026-08-31T08:33:53.803737Z[0m [32m INFO[0m [2madventure_sheets::importers::import_spells[0m[2m:[0m Starting import of spells from JSON data
[2m2026-08-31T08:33:53.803746Z[0m [32m INFO[0m [2madventure_sheets::importers::import_items[0m[2m:[0m Starting import of items from JSON data
[2m2026-08-31T08:33:53.803752Z[0m [32m INFO[0m [2madventure_sheets::importers::import_items[0m[2m:[0m Importing items and base items [3mcount[0m[2m=[0m0
[2m2026-08-31T08:33:53.803784Z[0m [32m INFO[0m [2madventure_sheets::importers::import_items[0m[2m:[0m Successfully imported 0 item records. [3mcount[0m[2m=[0m0
[2m2026-08-31T08:33:53.803791Z[0m [32m INFO[0m [2madventure_sheets::importers::import_monsters[0m[2m:[0m Starting import of monsters from JSON data
[2m2026-08-31T08:33:53.803805Z[0m [32m INFO[0m [2madventure_sheets::importers::import_optional_features[0m[2m:[0m Starting import of optional features from JSON data
[2m2026-08-31T08:33:53.814776Z[0m [32m INFO[0m [2madventure_sheets::importers::import_feats[0m[2m:[0m Starting import of feats from JSON data
[2m2026-08-31T08:33:53.814826Z[0m [32m INFO[0m [2madventure_sheets::importers::import_classes[0m[2m:[0m Starting import of classes from JSON data
[2m2026-08-31T08:33:53.814836Z[0m [32m INFO[0m [2madventure_sheets::importers::import_classes[0m[2m:[0m Successfully imported classes, features, subclasses, and subclass features
[2m2026-08-31T08:33:53.814844Z[0m [32m INFO[0m [2madventure_sheets::importers::import_races[0m[2m:[0m Starting import of races from JSON data
[2m2026-08-31T08:33:53.814849Z[0m [32m INFO[0m [2madventure_sheets::importers::import_races[0m[2m:[0m Successfully imported all races, subraces, and race options
[2m2026-08-31T08:33:53.814856Z[0m [32m INFO[0m [2madventure_sheets::importers::import_backgrounds[0m[2m:[0m Starting import of backgrounds from JSON data
[2m2026-08-31T08:33:53.814864Z[0m [32m INFO[0m [2madventure_sheets::importers::import_spells[0m[2m:[0m Starting import of spells from JSON data
[2m2026-08-31T08:33:53.814869Z[0m [32m INFO[0m [2madventure_sheets::importers::import_items[0m[2m:[0m Starting import of items from JSON data
[2m2026-08-31T08:33:53.814873Z[0m [32m INFO[0m [2madventure_sheets::importers::import_items[0m[2m:[0m Importing items and base items [3mcount[0m[2m=[0m0
[2m2026-08-31T08:33:53.814879Z[0m [32m INFO[0m [2madventure_sheets::importers::import_items[0m[2m:[0m Successfully imported 0 item records. [3mcount[0m[2m=[0m0
[2m2026-08-31T08:33:53.814885Z[0m [32m INFO[0m [2madventure_sheets::importers::import_monsters[0m[2m:[0m Starting import of monsters from JSON data
[2m2026-08-31T08:33:53.814893Z[0m [32m INFO[0m [2madventure_sheets::importers::import_optional_features[0m[2m:[0m Starting import of optional features from JSON data
[2m2026-08-31T08:33:53.826846Z[0m [32m INFO[0m [2madventure_sheets::importers::import_feats[0m[2m:[0m Starting import of feats from JSON data
[2m2026-08-31T08:33:53.826899Z[0m [32m INFO[0m [2madventure_sheets::importers::import_classes[0m[2m:[0m Starting import of classes from JSON data
[2m2026-08-31T08:33:53.826910Z[0m [32m INFO[0m [2madventure_sheets::importers::import_classes[0m[2m:[0m Successfully imported classes, features, subclasses, and subclass features
[2m2026-08-31T08:33:53.826919Z[0m [32m INFO[0m [2madventure_sheets::importers::import_races[0m[2m:[0m Starting import of races from JSON data
[2m2026-08-31T08:33:53.826934Z[0m [32m INFO[0m [2madventure_sheets::importers::import_races[0m[2m:[0m Successfully imported all races, subraces, and race options
[2m2026-08-31T08:33:53.826950Z[0m [32m INFO[0m [2madventure_sheets::importers::import_backgrounds[0m[2m:[0m Starting import of backgrounds from JSON data
[2m2026-08-31T08:33:53.826957Z[0m [32m INFO[0m [2madventure_sheets::importers::import_spells[0m[2m:[0m Starting import of spells from JSON data
[2m2026-08-31T08:33:53.826963Z[0m [32m INFO[0m [2madventure_sheets::importers::import_items[0m[2m:[0m Starting import of items from JSON data
[2m2026-08-31T08:33:53.826969Z[0m [32m INFO[0m [2madventure_sheets::importers::import_items[0m[2m:[0m Importing items and base items [3mcount[0m[2m=[0m0
[2m2026-08-31T08:33:53.826977Z[0m [32m INFO[0m [2madventure_sheets::importers::import_items[0m[2m:[0m Successfully imported 0 item records. [3mcount[0m[2m=[0m0
[2m2026-08-31T08:33:53.826991Z[0m [32m INFO[0m [2madventure_sheets::importers::import_monsters[0m[2m:[0m Starting import of monsters from JSON data
[2m2026-08-31T08:33:53.826999Z[0m [32m INFO[0m [2madventure_sheets::importers::import_optional_features[0m[2m:[0m Starting import of optional features from JSON data
[2m2026-08-31T08:33:53.841954Z[0m [32m INFO[0m [2madventure_sheets::importers::import_feats[0m[2m:[0m Starting import of feats from JSON data
[2m2026-08-31T08:33:53.841994Z[0m [32m INFO[0m [2madventure_sheets::importers::import_classes[0m[2m:[0m Starting import of classes from JSON data
[2m2026-08-31T08:33:53.842004Z[0m [32m INFO[0m [2madventure_sheets::importers::import_classes[0m[2m:[0m Successfully imported classes, features, subclasses, and subclass features
[2m2026-08-31T08:33:53.842011Z[0m [32m INFO[0m [2madventure_sheets::importers::import_races[0m[2m:[0m Starting import of races from JSON data
[2m2026-08-31T08:33:53.842030Z[0m [32m INFO[0m [2madventure_sheets::importers::import_races[0m[2m:[0m Successfully imported all races, subraces, and race options
[2m2026-08-31T08:33:53.842036Z[0m [32m INFO[0m [2madventure_sheets::importers::import_backgrounds[0m[2m:[0m Starting import of backgrounds from JSON data
[2m2026-08-31T08:33:53.842043Z[0m [32m INFO[0m [2madventure_sheets::importers::import_spells[0m[2m:[0m Starting import of spells from JSON data
[2m2026-08-31T08:33:53.842051Z[0m [32m INFO[0m [2madventure_sheets::importers::import_items[0m[2m:[0m Starting import of items from JSON data
[2m2026-08-31T08:33:53.842058Z[0m [32m INFO[0m [2madventure_sheets::importers::import_items[0m[2m:[0m Importing items and base items [3mcount[0m[2m=[0m0
[2m2026-08-31T08:33:53.842065Z[0m [32m INFO[0m [2madventure_sheets::importers::import_items[0m[2m:[0m Successfully imported 0 item records. [3mcount[0m[2m=[0m0
[2m2026-08-31T08:33:53.842073Z[0m [32m INFO[0m [2madventure_sheets::importers::import_monsters[0m[2m:[0m Starting import of monsters from JSON data
[2m2026-08-31T08:33:53.842083Z[0m [32m INFO[0m [2madventure_sheets::importers::import_optional_features[0m[2m:[0m Starting import of optional features from JSON data
[2m2026-08-31T08:33:53.854849Z[0m [32m INFO[0m [2madventure_sheets::importers::import_feats[0m[2m:[0m Starting import of feats from JSON data
[2m2026-08-31T08:33:53.855015Z[0m [32m INFO[0m [2madventure_sheets::importers::import_classes[0m[2m:[0m Starting import of classes from JSON data
[2m2026-08-31T08:33:53.855247Z[0m [32m INFO[0m [2madventure_sheets::importers::import_classes[0m[2m:[0m Successfully imported classes, features, subclasses, and subclass features
[2m2026-08-31T08:33:53.855764Z[0m [32m INFO[0m [2madventure_sheets::importers::import_races[0m[2m:[0m Starting import of races from JSON data
[2m2026-08-31T08:33:53.856093Z[0m [32m INFO[0m [2madventure_sheets::importers::import_races[0m[2m:[0m Successfully imported all races, subraces, and race options
[2m2026-08-31T08:33:53.856295Z[0m [32m INFO[0m [2madventure_sheets::importers::import_backgrounds[0m[2m:[0m Starting import of backgrounds from JSON data
[2m2026-08-31T08:33:53.856331Z[0m [32m INFO[0m [2madventure_sheets::importers::import_spells[0m[2m:[0m Starting import of spells from JSON data
[2m2026-08-31T08:33:53.856351Z[0m [32m INFO[0m [2madventure_sheets::importers::import_items[0m[2m:[0m Starting import of items from JSON data
[2m2026-08-31T08:33:53.856358Z[0m [32m INFO[0m [2madventure_sheets::importers::import_items[0m[2m:[0m Importing items and base items [3mcount[0m[2m=[0m0
[2m2026-08-31T08:33:53.856964Z[0m [32m INFO[0m [2madventure_sheets::importers::import_items[0m[2m:[0m Successfully imported 0 item records. [3mcount[0m[2m=[0m0
[2m2026-08-31T08:33:53.856994Z[0m [32m INFO[0m [2madventure_sheets::importers::import_monsters[0m[2m:[0m Starting import of monsters from JSON data
[2m2026-08-31T08:33:53.857002Z[0m [32m INFO[0m [2madventure_sheets::importers::import_optional_features[0m[2m:[0m Starting import of optional features from JSON data
[2m2026-08-31T08:33:53.882878Z[0m [32m INFO[0m [2madventure_sheets::importers::import_feats[0m[2m:[0m Starting import of feats from JSON data
[2m2026-08-31T08:33:53.883004Z[0m [32m INFO[0m [2madventure_sheets::importers::import_classes[0m[2m:[0m Starting import of classes from JSON data
[2m2026-08-31T08:33:53.883097Z[0m [32m INFO[0m [2madventure_sheets::importers::import_classes[0m[2m:[0m Successfully imported classes, features, subclasses, and subclass features
[2m2026-08-31T08:33:53.883139Z[0m [32m INFO[0m [2madventure_sheets::importers::import_races[0m[2m:[0m Starting import of races from JSON data
[2m2026-08-31T08:33:53.883327Z[0m [32m INFO[0m [2madventure_sheets::importers::import_races[0m[2m:[0m Successfully imported all races, subraces, and race options
[2m2026-08-31T08:33:53.883340Z[0m [32m INFO[0m [2madventure_sheets::importers::import_backgrounds[0m[2m:[0m Starting import of backgrounds from JSON data
[2m2026-08-31T08:33:53.883347Z[0m [32m INFO[0m [2madventure_sheets::importers::import_spells[0m[2m:[0m Starting import of spells from JSON data
[2m2026-08-31T08:33:53.883354Z[0m [32m INFO[0m [2madventure_sheets::importers::import_spells[0m[2m:[0m Starting import of spells from JSON array [3mcount[0m[2m=[0m319
[2m2026-08-31T08:33:54.619178Z[0m [32m INFO[0m [2madventure_sheets::importers::import_spells[0m[2m:[0m Successfully imported 319 spell records. [3mcount[0m[2m=[0m319
[2m2026-08-31T08:33:54.619209Z[0m [32m INFO[0m [2madventure_sheets::importers::import_items[0m[2m:[0m Starting import of items from JSON data
[2m2026-08-31T08:33:54.619214Z[0m [32m INFO[0m [2madventure_sheets::importers::import_items[0m[2m:[0m Importing items and base items [3mcount[0m[2m=[0m0
[2m2026-08-31T08:33:54.619221Z[0m [32m INFO[0m [2madventure_sheets::importers::import_items[0m[2m:[0m Successfully imported 0 item records. [3mcount[0m[2m=[0m0
[2m2026-08-31T08:33:54.619225Z[0m [32m INFO[0m [2madventure_sheets::importers::import_monsters[0m[2m:[0m Starting import of monsters from JSON data
[2m2026-08-31T08:33:54.619229Z[0m [32m INFO[0m [2madventure_sheets::importers::import_optional_features[0m[2m:[0m Starting import of optional features from JSON data
[2m2026-08-31T08:33:54.629241Z[0m [32m INFO[0m [2madventure_sheets::importers::import_feats[0m[2m:[0m Starting import of feats from JSON data
[2m2026-08-31T08:33:54.629277Z[0m [32m INFO[0m [2madventure_sheets::importers::import_classes[0m[2m:[0m Starting import of classes from JSON data
[2m2026-08-31T08:33:54.629285Z[0m [32m INFO[0m [2madventure_sheets::importers::import_classes[0m[2m:[0m Successfully imported classes, features, subclasses, and subclass features
[2m2026-08-31T08:33:54.629291Z[0m [32m INFO[0m [2madventure_sheets::importers::import_races[0m[2m:[0m Starting import of races from JSON data
[2m2026-08-31T08:33:54.629296Z[0m [32m INFO[0m [2madventure_sheets::importers::import_races[0m[2m:[0m Successfully imported all races, subraces, and race options
[2m2026-08-31T08:33:54.629313Z[0m [32m INFO[0m [2madventure_sheets::importers::import_backgrounds[0m[2m:[0m Starting import of backgrounds from JSON data
[2m2026-08-31T08:33:54.629336Z[0m [32m INFO[0m [2madventure_sheets::importers::import_spells[0m[2m:[0m Starting import of spells from JSON data
[2m2026-08-31T08:33:54.629345Z[0m [32m INFO[0m [2madventure_sheets::importers::import_items[0m[2m:[0m Starting import of items from JSON data
[2m2026-08-31T08:33:54.629353Z[0m [32m INFO[0m [2madventure_sheets::importers::import_items[0m[2m:[0m Importing items and base items [3mcount[0m[2m=[0m0
[2m2026-08-31T08:33:54.629365Z[0m [32m INFO[0m [2madventure_sheets::importers::import_items[0m[2m:[0m Successfully imported 0 item records. [3mcount[0m[2m=[0m0
[2m2026-08-31T08:33:54.629374Z[0m [32m INFO[0m [2madventure_sheets::importers::import_monsters[0m[2m:[0m Starting import of monsters from JSON data
[2m2026-08-31T08:33:54.629382Z[0m [32m INFO[0m [2madventure_sheets::importers::import_optional_features[0m[2m:[0m Starting import of optional features from JSON data
[2m2026-08-31T08:33:54.647206Z[0m [32m INFO[0m [2madventure_sheets::importers::import_feats[0m[2m:[0m Starting import of feats from JSON data
[2m2026-08-31T08:33:54.647236Z[0m [32m INFO[0m [2madventure_sheets::importers::import_classes[0m[2m:[0m Starting import of classes from JSON data
[2m2026-08-31T08:33:54.647243Z[0m [32m INFO[0m [2madventure_sheets::importers::import_classes[0m[2m:[0m Successfully imported classes, features, subclasses, and subclass features
[2m2026-08-31T08:33:54.647247Z[0m [32m INFO[0m [2madventure_sheets::importers::import_races[0m[2m:[0m Starting import of races from JSON data
[2m2026-08-31T08:33:54.647251Z[0m [32m INFO[0m [2madventure_sheets::importers::import_races[0m[2m:[0m Successfully imported all races, subraces, and race options
[2m2026-08-31T08:33:54.647256Z[0m [32m INFO[0m [2madventure_sheets::importers::import_backgrounds[0m[2m:[0m Starting import of backgrounds from JSON data
[2m2026-08-31T08:33:54.647260Z[0m [32m INFO[0m [2madventure_sheets::importers::import_spells[0m[2m:[0m Starting import of spells from JSON data
[2m2026-08-31T08:33:54.647264Z[0m [32m INFO[0m [2madventure_sheets::importers::import_items[0m[2m:[0m Starting import of items from JSON data
[2m2026-08-31T08:33:54.647269Z[0m [32m INFO[0m [2madventure_sheets::importers::import_items[0m[2m:[0m Importing items and base items [3mcount[0m[2m=[0m0
[2m2026-08-31T08:33:54.647275Z[0m [32m INFO[0m [2madventure_sheets::importers::import_items[0m[2m:[0m Successfully imported 0 item records. [3mcount[0m[2m=[0m0
[2m2026-08-31T08:33:54.647281Z[0m [32m INFO[0m [2madventure_sheets::importers::import_monsters[0m[2m:[0m Starting import of monsters from JSON data
[2m2026-08-31T08:33:54.647286Z[0m [32m INFO[0m [2madventure_sheets::importers::import_optional_features[0m[2m:[0m Starting import of optional features from JSON data
[2m2026-08-31T08:33:54.657905Z[0m [32m INFO[0m [2madventure_sheets::importers::import_feats[0m[2m:[0m Starting import of feats from JSON data
[2m2026-08-31T08:33:54.657950Z[0m [32m INFO[0m [2madventure_sheets::importers::import_classes[0m[2m:[0m Starting import of classes from JSON data
[2m2026-08-31T08:33:54.657963Z[0m [32m INFO[0m [2madventure_sheets::importers::import_classes[0m[2m:[0m Successfully imported classes, features, subclasses, and subclass features
[2m2026-08-31T08:33:54.657969Z[0m [32m INFO[0m [2madventure_sheets::importers::import_races[0m[2m:[0m Starting import of races from JSON data
[2m2026-08-31T08:33:54.657975Z[0m [32m INFO[0m [2madventure_sheets::importers::import_races[0m[2m:[0m Successfully imported all races, subraces, and race options
[2m2026-08-31T08:33:54.657987Z[0m [32m INFO[0m [2madventure_sheets::importers::import_backgrounds[0m[2m:[0m Starting import of backgrounds from JSON data
[2m2026-08-31T08:33:54.658010Z[0m [32m INFO[0m [2madventure_sheets::importers::import_spells[0m[2m:[0m Starting import of spells from JSON data
[2m2026-08-31T08:33:54.658160Z[0m [32m INFO[0m [2madventure_sheets::importers::import_spells[0m[2m:[0m Starting import of spells from JSON array [3mcount[0m[2m=[0m2
[2m2026-08-31T08:33:54.664344Z[0m [32m INFO[0m [2madventure_sheets::importers::import_spells[0m[2m:[0m Successfully imported 2 spell records. [3mcount[0m[2m=[0m2
[2m2026-08-31T08:33:54.664386Z[0m [32m INFO[0m [2madventure_sheets::importers::import_items[0m[2m:[0m Starting import of items from JSON data
[2m2026-08-31T08:33:54.664394Z[0m [32m INFO[0m [2madventure_sheets::importers::import_items[0m[2m:[0m Importing items and base items [3mcount[0m[2m=[0m0
[2m2026-08-31T08:33:54.664400Z[0m [32m INFO[0m [2madventure_sheets::importers::import_items[0m[2m:[0m Successfully imported 0 item records. [3mcount[0m[2m=[0m0
[2m2026-08-31T08:33:54.664413Z[0m [32m INFO[0m [2madventure_sheets::importers::import_monsters[0m[2m:[0m Starting import of monsters from JSON data
[2m2026-08-31T08:33:54.664419Z[0m [32m INFO[0m [2madventure_sheets::importers::import_optional_features[0m[2m:[0m Starting import of optional features from JSON data
[2m2026-08-31T08:33:54.673278Z[0m [32m INFO[0m [2madventure_sheets::importers::import_feats[0m[2m:[0m Starting import of feats from JSON data
[2m2026-08-31T08:33:54.673308Z[0m [32m INFO[0m [2madventure_sheets::importers::import_classes[0m[2m:[0m Starting import of classes from JSON data
[2m2026-08-31T08:33:54.673317Z[0m [32m INFO[0m [2madventure_sheets::importers::import_classes[0m[2m:[0m Successfully imported classes, features, subclasses, and subclass features
[2m2026-08-31T08:33:54.673323Z[0m [32m INFO[0m [2madventure_sheets::importers::import_races[0m[2m:[0m Starting import of races from JSON data
[2m2026-08-31T08:33:54.673329Z[0m [32m INFO[0m [2madventure_sheets::importers::import_races[0m[2m:[0m Successfully imported all races, subraces, and race options
[2m2026-08-31T08:33:54.673335Z[0m [32m INFO[0m [2madventure_sheets::importers::import_backgrounds[0m[2m:[0m Starting import of backgrounds from JSON data
[2m2026-08-31T08:33:54.673341Z[0m [32m INFO[0m [2madventure_sheets::importers::import_spells[0m[2m:[0m Starting import of spells from JSON data
[2m2026-08-31T08:33:54.673352Z[0m [32m INFO[0m [2madventure_sheets::importers::import_spells[0m[2m:[0m Starting import of spells from JSON array [3mcount[0m[2m=[0m7
[2m2026-08-31T08:33:54.688437Z[0m [32m INFO[0m [2madventure_sheets::importers::import_spells[0m[2m:[0m Successfully imported 7 spell records. [3mcount[0m[2m=[0m7
[2m2026-08-31T08:33:54.688513Z[0m [32m INFO[0m [2madventure_sheets::importers::import_items[0m[2m:[0m Starting import of items from JSON data
[2m2026-08-31T08:33:54.688533Z[0m [32m INFO[0m [2madventure_sheets::importers::import_items[0m[2m:[0m Importing items and base items [3mcount[0m[2m=[0m0
[2m2026-08-31T08:33:54.688543Z[0m [32m INFO[0m [2madventure_sheets::importers::import_items[0m[2m:[0m Successfully imported 0 item records. [3mcount[0m[2m=[0m0
[2m2026-08-31T08:33:54.688552Z[0m [32m INFO[0m [2madventure_sheets::importers::import_monsters[0m[2m:[0m Starting import of monsters from JSON data
[2m2026-08-31T08:33:54.688562Z[0m [32m INFO[0m [2madventure_sheets::importers::import_optional_features[0m[2m:[0m Starting import of optional features from JSON data
[2m2026-08-31T08:33:54.697133Z[0m [32m INFO[0m [2madventure_sheets::importers::import_feats[0m[2m:[0m Starting import of feats from JSON data
[2m2026-08-31T08:33:54.697158Z[0m [32m INFO[0m [2madventure_sheets::importers::import_classes[0m[2m:[0m Starting import of classes from JSON data
[2m2026-08-31T08:33:54.697165Z[0m [32m INFO[0m [2madventure_sheets::importers::import_classes[0m[2m:[0m Successfully imported classes, features, subclasses, and subclass features
[2m2026-08-31T08:33:54.697175Z[0m [32m INFO[0m [2madventure_sheets::importers::import_races[0m[2m:[0m Starting import of races from JSON data
[2m2026-08-31T08:33:54.697185Z[0m [32m INFO[0m [2madventure_sheets::importers::import_races[0m[2m:[0m Successfully imported all races, subraces, and race options
[2m2026-08-31T08:33:54.697189Z[0m [32m INFO[0m [2madventure_sheets::importers::import_backgrounds[0m[2m:[0m Starting import of backgrounds from JSON data
[2m2026-08-31T08:33:54.697193Z[0m [32m INFO[0m [2madventure_sheets::importers::import_spells[0m[2m:[0m Starting import of spells from JSON data
[2m2026-08-31T08:33:54.697197Z[0m [32m INFO[0m [2madventure_sheets::importers::import_spells[0m[2m:[0m Starting import of spells from JSON array [3mcount[0m[2m=[0m1
[2m2026-08-31T08:33:54.700756Z[0m [32m INFO[0m [2madventure_sheets::importers::import_spells[0m[2m:[0m Successfully imported 1 spell records. [3mcount[0m[2m=[0m1
[2m2026-08-31T08:33:54.700794Z[0m [32m INFO[0m [2madventure_sheets::importers::import_items[0m[2m:[0m Starting import of items from JSON data
[2m2026-08-31T08:33:54.700801Z[0m [32m INFO[0m [2madventure_sheets::importers::import_items[0m[2m:[0m Importing items and base items [3mcount[0m[2m=[0m0
[2m2026-08-31T08:33:54.700806Z[0m [32m INFO[0m [2madventure_sheets::importers::import_items[0m[2m:[0m Successfully imported 0 item records. [3mcount[0m[2m=[0m0
[2m2026-08-31T08:33:54.700812Z[0m [32m INFO[0m [2madventure_sheets::importers::import_monsters[0m[2m:[0m Starting import of monsters from JSON data
[2m2026-08-31T08:33:54.700817Z[0m [32m INFO[0m [2madventure_sheets::importers::import_optional_features[0m[2m:[0m Starting import of optional features from JSON data
[2m2026-08-31T08:33:54.711112Z[0m [32m INFO[0m [2madventure_sheets::importers::import_feats[0m[2m:[0m Starting import of feats from JSON data
[2m2026-08-31T08:33:54.711160Z[0m [32m INFO[0m [2madventure_sheets::importers::import_classes[0m[2m:[0m Starting import of classes from JSON data
[2m2026-08-31T08:33:54.711170Z[0m [32m INFO[0m [2madventure_sheets::importers::import_classes[0m[2m:[0m Successfully imported classes, features, subclasses, and subclass features
[2m2026-08-31T08:33:54.711178Z[0m [32m INFO[0m [2madventure_sheets::importers::import_races[0m[2m:[0m Starting import of races from JSON data
[2m2026-08-31T08:33:54.711184Z[0m [32m INFO[0m [2madventure_sheets::importers::import_races[0m[2m:[0m Successfully imported all races, subraces, and race options
[2m2026-08-31T08:33:54.711190Z[0m [32m INFO[0m [2madventure_sheets::importers::import_backgrounds[0m[2m:[0m Starting import of backgrounds from JSON data
[2m2026-08-31T08:33:54.711197Z[0m [32m INFO[0m [2madventure_sheets::importers::import_spells[0m[2m:[0m Starting import of spells from JSON data
[2m2026-08-31T08:33:54.711202Z[0m [32m INFO[0m [2madventure_sheets::importers::import_spells[0m[2m:[0m Starting import of spells from JSON array [3mcount[0m[2m=[0m3
[2m2026-08-31T08:33:54.718981Z[0m [32m INFO[0m [2madventure_sheets::importers::import_spells[0m[2m:[0m Successfully imported 3 spell records. [3mcount[0m[2m=[0m3
[2m2026-08-31T08:33:54.719015Z[0m [32m INFO[0m [2madventure_sheets::importers::import_items[0m[2m:[0m Starting import of items from JSON data
[2m2026-08-31T08:33:54.719032Z[0m [32m INFO[0m [2madventure_sheets::importers::import_items[0m[2m:[0m Importing items and base items [3mcount[0m[2m=[0m0
[2m2026-08-31T08:33:54.719038Z[0m [32m INFO[0m [2madventure_sheets::importers::import_items[0m[2m:[0m Successfully imported 0 item records. [3mcount[0m[2m=[0m0
[2m2026-08-31T08:33:54.719045Z[0m [32m INFO[0m [2madventure_sheets::importers::import_monsters[0m[2m:[0m Starting import of monsters from JSON data
[2m2026-08-31T08:33:54.719050Z[0m [32m INFO[0m [2madventure_sheets::importers::import_optional_features[0m[2m:[0m Starting import of optional features from JSON data
[2m2026-08-31T08:33:54.730325Z[0m [32m INFO[0m [2madventure_sheets::importers::import_feats[0m[2m:[0m Starting import of feats from JSON data
[2m2026-08-31T08:33:54.730358Z[0m [32m INFO[0m [2madventure_sheets::importers::import_classes[0m[2m:[0m Starting import of classes from JSON data
[2m2026-08-31T08:33:54.730364Z[0m [32m INFO[0m [2madventure_sheets::importers::import_classes[0m[2m:[0m Successfully imported classes, features, subclasses, and subclass features
[2m2026-08-31T08:33:54.730369Z[0m [32m INFO[0m [2madventure_sheets::importers::import_races[0m[2m:[0m Starting import of races from JSON data
[2m2026-08-31T08:33:54.730373Z[0m [32m INFO[0m [2madventure_sheets::importers::import_races[0m[2m:[0m Successfully imported all races, subraces, and race options
[2m2026-08-31T08:33:54.730377Z[0m [32m INFO[0m [2madventure_sheets::importers::import_backgrounds[0m[2m:[0m Starting import of backgrounds from JSON data
[2m2026-08-31T08:33:54.730381Z[0m [32m INFO[0m [2madventure_sheets::importers::import_spells[0m[2m:[0m Starting import of spells from JSON data
[2m2026-08-31T08:33:54.730384Z[0m [32m INFO[0m [2madventure_sheets::importers::import_spells[0m[2m:[0m Starting import of spells from JSON array [3mcount[0m[2m=[0m1
[2m2026-08-31T08:33:54.732570Z[0m [32m INFO[0m [2madventure_sheets::importers::import_spells[0m[2m:[0m Successfully imported 1 spell records. [3mcount[0m[2m=[0m1
[2m2026-08-31T08:33:54.732590Z[0m [32m INFO[0m [2madventure_sheets::importers::import_items[0m[2m:[0m Starting import of items from JSON data
[2m2026-08-31T08:33:54.732598Z[0m [32m INFO[0m [2madventure_sheets::importers::import_items[0m[2m:[0m Importing items and base items [3mcount[0m[2m=[0m0
[2m2026-08-31T08:33:54.732604Z[0m [32m INFO[0m [2madventure_sheets::importers::import_items[0m[2m:[0m Successfully imported 0 item records. [3mcount[0m[2m=[0m0
[2m2026-08-31T08:33:54.732609Z[0m [32m INFO[0m [2madventure_sheets::importers::import_monsters[0m[2m:[0m Starting import of monsters from JSON data
[2m2026-08-31T08:33:54.732613Z[0m [32m INFO[0m [2madventure_sheets::importers::import_optional_features[0m[2m:[0m Starting import of optional features from JSON data
[2m2026-08-31T08:33:54.742125Z[0m [32m INFO[0m [2madventure_sheets::importers::import_feats[0m[2m:[0m Starting import of feats from JSON data
[2m2026-08-31T08:33:54.742152Z[0m [32m INFO[0m [2madventure_sheets::importers::import_classes[0m[2m:[0m Starting import of classes from JSON data
[2m2026-08-31T08:33:54.742163Z[0m [32m INFO[0m [2madventure_sheets::importers::import_classes[0m[2m:[0m Successfully imported classes, features, subclasses, and subclass features
[2m2026-08-31T08:33:54.742168Z[0m [32m INFO[0m [2madventure_sheets::importers::import_races[0m[2m:[0m Starting import of races from JSON data
[2m2026-08-31T08:33:54.742175Z[0m [32m INFO[0m [2madventure_sheets::importers::import_races[0m[2m:[0m Successfully imported all races, subraces, and race options
[2m2026-08-31T08:33:54.742180Z[0m [32m INFO[0m [2madventure_sheets::importers::import_backgrounds[0m[2m:[0m Starting import of backgrounds from JSON data
[2m2026-08-31T08:33:54.742186Z[0m [32m INFO[0m [2madventure_sheets::importers::import_spells[0m[2m:[0m Starting import of spells from JSON data
[2m2026-08-31T08:33:54.742193Z[0m [32m INFO[0m [2madventure_sheets::importers::import_spells[0m[2m:[0m Starting import of spells from JSON array [3mcount[0m[2m=[0m15
[2m2026-08-31T08:33:54.776288Z[0m [32m INFO[0m [2madventure_sheets::importers::import_spells[0m[2m:[0m Successfully imported 15 spell records. [3mcount[0m[2m=[0m15
[2m2026-08-31T08:33:54.776333Z[0m [32m INFO[0m [2madventure_sheets::importers::import_items[0m[2m:[0m Starting import of items from JSON data
[2m2026-08-31T08:33:54.776343Z[0m [32m INFO[0m [2madventure_sheets::importers::import_items[0m[2m:[0m Importing items and base items [3mcount[0m[2m=[0m0
[2m2026-08-31T08:33:54.776366Z[0m [32m INFO[0m [2madventure_sheets::importers::import_items[0m[2m:[0m Successfully imported 0 item records. [3mcount[0m[2m=[0m0
[2m2026-08-31T08:33:54.776384Z[0m [32m INFO[0m [2madventure_sheets::importers::import_monsters[0m[2m:[0m Starting import of monsters from JSON data
[2m2026-08-31T08:33:54.776393Z[0m [32m INFO[0m [2madventure_sheets::importers::import_optional_features[0m[2m:[0m Starting import of optional features from JSON data
[2m2026-08-31T08:33:54.785263Z[0m [32m INFO[0m [2madventure_sheets::importers::import_feats[0m[2m:[0m Starting import of feats from JSON data
[2m2026-08-31T08:33:54.785292Z[0m [32m INFO[0m [2madventure_sheets::importers::import_classes[0m[2m:[0m Starting import of classes from JSON data
[2m2026-08-31T08:33:54.785297Z[0m [32m INFO[0m [2madventure_sheets::importers::import_classes[0m[2m:[0m Successfully imported classes, features, subclasses, and subclass features
[2m2026-08-31T08:33:54.785301Z[0m [32m INFO[0m [2madventure_sheets::importers::import_races[0m[2m:[0m Starting import of races from JSON data
[2m2026-08-31T08:33:54.785305Z[0m [32m INFO[0m [2madventure_sheets::importers::import_races[0m[2m:[0m Successfully imported all races, subraces, and race options
[2m2026-08-31T08:33:54.785309Z[0m [32m INFO[0m [2madventure_sheets::importers::import_backgrounds[0m[2m:[0m Starting import of backgrounds from JSON data
[2m2026-08-31T08:33:54.785312Z[0m [32m INFO[0m [2madventure_sheets::importers::import_spells[0m[2m:[0m Starting import of spells from JSON data
[2m2026-08-31T08:33:54.785318Z[0m [32m INFO[0m [2madventure_sheets::importers::import_spells[0m[2m:[0m Starting import of spells from JSON array [3mcount[0m[2m=[0m19
[2m2026-08-31T08:33:54.828583Z[0m [32m INFO[0m [2madventure_sheets::importers::import_spells[0m[2m:[0m Successfully imported 19 spell records. [3mcount[0m[2m=[0m19
[2m2026-08-31T08:33:54.828607Z[0m [32m INFO[0m [2madventure_sheets::importers::import_items[0m[2m:[0m Starting import of items from JSON data
[2m2026-08-31T08:33:54.828612Z[0m [32m INFO[0m [2madventure_sheets::importers::import_items[0m[2m:[0m Importing items and base items [3mcount[0m[2m=[0m0
[2m2026-08-31T08:33:54.828615Z[0m [32m INFO[0m [2madventure_sheets::importers::import_items[0m[2m:[0m Successfully imported 0 item records. [3mcount[0m[2m=[0m0
[2m2026-08-31T08:33:54.828618Z[0m [32m INFO[0m [2madventure_sheets::importers::import_monsters[0m[2m:[0m Starting import of monsters from JSON data
[2m2026-08-31T08:33:54.828621Z[0m [32m INFO[0m [2madventure_sheets::importers::import_optional_features[0m[2m:[0m Starting import of optional features from JSON data
[2m2026-08-31T08:33:54.836401Z[0m [32m INFO[0m [2madventure_sheets::importers::import_feats[0m[2m:[0m Starting import of feats from JSON data
[2m2026-08-31T08:33:54.836442Z[0m [32m INFO[0m [2madventure_sheets::importers::import_classes[0m[2m:[0m Starting import of classes from JSON data
[2m2026-08-31T08:33:54.836454Z[0m [32m INFO[0m [2madventure_sheets::importers::import_classes[0m[2m:[0m Successfully imported classes, features, subclasses, and subclass features
[2m2026-08-31T08:33:54.836461Z[0m [32m INFO[0m [2madventure_sheets::importers::import_races[0m[2m:[0m Starting import of races from JSON data
[2m2026-08-31T08:33:54.836468Z[0m [32m INFO[0m [2madventure_sheets::importers::import_races[0m[2m:[0m Successfully imported all races, subraces, and race options
[2m2026-08-31T08:33:54.836474Z[0m [32m INFO[0m [2madventure_sheets::importers::import_backgrounds[0m[2m:[0m Starting import of backgrounds from JSON data
[2m2026-08-31T08:33:54.836481Z[0m [32m INFO[0m [2madventure_sheets::importers::import_spells[0m[2m:[0m Starting import of spells from JSON data
[2m2026-08-31T08:33:54.836487Z[0m [32m INFO[0m [2madventure_sheets::importers::import_spells[0m[2m:[0m Starting import of spells from JSON array [3mcount[0m[2m=[0m7
[2m2026-08-31T08:33:54.855770Z[0m [32m INFO[0m [2madventure_sheets::importers::import_spells[0m[2m:[0m Successfully imported 7 spell records. [3mcount[0m[2m=[0m7
[2m2026-08-31T08:33:54.855818Z[0m [32m INFO[0m [2madventure_sheets::importers::import_items[0m[2m:[0m Starting import of items from JSON data
[2m2026-08-31T08:33:54.855827Z[0m [32m INFO[0m [2madventure_sheets::importers::import_items[0m[2m:[0m Importing items and base items [3mcount[0m[2m=[0m0
[2m2026-08-31T08:33:54.855832Z[0m [32m INFO[0m [2madventure_sheets::importers::import_items[0m[2m:[0m Successfully imported 0 item records. [3mcount[0m[2m=[0m0
[2m2026-08-31T08:33:54.855839Z[0m [32m INFO[0m [2madventure_sheets::importers::import_monsters[0m[2m:[0m Starting import of monsters from JSON data
[2m2026-08-31T08:33:54.855845Z[0m [32m INFO[0m [2madventure_sheets::importers::import_optional_features[0m[2m:[0m Starting import of optional features from JSON data
[2m2026-08-31T08:33:54.864397Z[0m [32m INFO[0m [2madventure_sheets::importers::import_feats[0m[2m:[0m Starting import of feats from JSON data
[2m2026-08-31T08:33:54.864422Z[0m [32m INFO[0m [2madventure_sheets::importers::import_classes[0m[2m:[0m Starting import of classes from JSON data
[2m2026-08-31T08:33:54.864427Z[0m [32m INFO[0m [2madventure_sheets::importers::import_classes[0m[2m:[0m Successfully imported classes, features, subclasses, and subclass features
[2m2026-08-31T08:33:54.864431Z[0m [32m INFO[0m [2madventure_sheets::importers::import_races[0m[2m:[0m Starting import of races from JSON data
[2m2026-08-31T08:33:54.864435Z[0m [32m INFO[0m [2madventure_sheets::importers::import_races[0m[2m:[0m Successfully imported all races, subraces, and race options
[2m2026-08-31T08:33:54.864439Z[0m [32m INFO[0m [2madventure_sheets::importers::import_backgrounds[0m[2m:[0m Starting import of backgrounds from JSON data
[2m2026-08-31T08:33:54.864442Z[0m [32m INFO[0m [2madventure_sheets::importers::import_spells[0m[2m:[0m Starting import of spells from JSON data
[2m2026-08-31T08:33:54.864446Z[0m [32m INFO[0m [2madventure_sheets::importers::import_spells[0m[2m:[0m Starting import of spells from JSON array [3mcount[0m[2m=[0m1
[2m2026-08-31T08:33:54.866728Z[0m [32m INFO[0m [2madventure_sheets::importers::import_spells[0m[2m:[0m Successfully imported 1 spell records. [3mcount[0m[2m=[0m1
[2m2026-08-31T08:33:54.866749Z[0m [32m INFO[0m [2madventure_sheets::importers::import_items[0m[2m:[0m Starting import of items from JSON data
[2m2026-08-31T08:33:54.866759Z[0m [32m INFO[0m [2madventure_sheets::importers::import_items[0m[2m:[0m Importing items and base items [3mcount[0m[2m=[0m0
[2m2026-08-31T08:33:54.866763Z[0m [32m INFO[0m [2madventure_sheets::importers::import_items[0m[2m:[0m Successfully imported 0 item records. [3mcount[0m[2m=[0m0
[2m2026-08-31T08:33:54.866770Z[0m [32m INFO[0m [2madventure_sheets::importers::import_monsters[0m[2m:[0m Starting import of monsters from JSON data
[2m2026-08-31T08:33:54.866774Z[0m [32m INFO[0m [2madventure_sheets::importers::import_optional_features[0m[2m:[0m Starting import of optional features from JSON data
[2m2026-08-31T08:33:54.873892Z[0m [32m INFO[0m [2madventure_sheets::importers::import_feats[0m[2m:[0m Starting import of feats from JSON data
[2m2026-08-31T08:33:54.873917Z[0m [32m INFO[0m [2madventure_sheets::importers::import_classes[0m[2m:[0m Starting import of classes from JSON data
[2m2026-08-31T08:33:54.873925Z[0m [32m INFO[0m [2madventure_sheets::importers::import_classes[0m[2m:[0m Successfully imported classes, features, subclasses, and subclass features
[2m2026-08-31T08:33:54.873930Z[0m [32m INFO[0m [2madventure_sheets::importers::import_races[0m[2m:[0m Starting import of races from JSON data
[2m2026-08-31T08:33:54.873934Z[0m [32m INFO[0m [2madventure_sheets::importers::import_races[0m[2m:[0m Successfully imported all races, subraces, and race options
[2m2026-08-31T08:33:54.873943Z[0m [32m INFO[0m [2madventure_sheets::importers::import_backgrounds[0m[2m:[0m Starting import of backgrounds from JSON data
[2m2026-08-31T08:33:54.873960Z[0m [32m INFO[0m [2madventure_sheets::importers::import_spells[0m[2m:[0m Starting import of spells from JSON data
[2m2026-08-31T08:33:54.873965Z[0m [32m INFO[0m [2madventure_sheets::importers::import_spells[0m[2m:[0m Starting import of spells from JSON array [3mcount[0m[2m=[0m2
[2m2026-08-31T08:33:54.877850Z[0m [32m INFO[0m [2madventure_sheets::importers::import_spells[0m[2m:[0m Successfully imported 2 spell records. [3mcount[0m[2m=[0m2
[2m2026-08-31T08:33:54.877870Z[0m [32m INFO[0m [2madventure_sheets::importers::import_items[0m[2m:[0m Starting import of items from JSON data
[2m2026-08-31T08:33:54.877876Z[0m [32m INFO[0m [2madventure_sheets::importers::import_items[0m[2m:[0m Importing items and base items [3mcount[0m[2m=[0m0
[2m2026-08-31T08:33:54.877880Z[0m [32m INFO[0m [2madventure_sheets::importers::import_items[0m[2m:[0m Successfully imported 0 item records. [3mcount[0m[2m=[0m0
[2m2026-08-31T08:33:54.877884Z[0m [32m INFO[0m [2madventure_sheets::importers::import_monsters[0m[2m:[0m Starting import of monsters from JSON data
[2m2026-08-31T08:33:54.877888Z[0m [32m INFO[0m [2madventure_sheets::importers::import_optional_features[0m[2m:[0m Starting import of optional features from JSON data
[2m2026-08-31T08:33:54.885441Z[0m [32m INFO[0m [2madventure_sheets::importers::import_feats[0m[2m:[0m Starting import of feats from JSON data
[2m2026-08-31T08:33:54.885466Z[0m [32m INFO[0m [2madventure_sheets::importers::import_classes[0m[2m:[0m Starting import of classes from JSON data
[2m2026-08-31T08:33:54.885472Z[0m [32m INFO[0m [2madventure_sheets::importers::import_classes[0m[2m:[0m Successfully imported classes, features, subclasses, and subclass features
[2m2026-08-31T08:33:54.885477Z[0m [32m INFO[0m [2madventure_sheets::importers::import_races[0m[2m:[0m Starting import of races from JSON data
[2m2026-08-31T08:33:54.885481Z[0m [32m INFO[0m [2madventure_sheets::importers::import_races[0m[2m:[0m Successfully imported all races, subraces, and race options
[2m2026-08-31T08:33:54.885488Z[0m [32m INFO[0m [2madventure_sheets::importers::import_backgrounds[0m[2m:[0m Starting import of backgrounds from JSON data
[2m2026-08-31T08:33:54.885492Z[0m [32m INFO[0m [2madventure_sheets::importers::import_spells[0m[2m:[0m Starting import of spells from JSON data
[2m2026-08-31T08:33:54.885498Z[0m [32m INFO[0m [2madventure_sheets::importers::import_spells[0m[2m:[0m Starting import of spells from JSON array [3mcount[0m[2m=[0m3
[2m2026-08-31T08:33:54.897300Z[0m [32m INFO[0m [2madventure_sheets::importers::import_spells[0m[2m:[0m Successfully imported 3 spell records. [3mcount[0m[2m=[0m3
[2m2026-08-31T08:33:54.897350Z[0m [32m INFO[0m [2madventure_sheets::importers::import_items[0m[2m:[0m Starting import of items from JSON data
[2m2026-08-31T08:33:54.897362Z[0m [32m INFO[0m [2madventure_sheets::importers::import_items[0m[2m:[0m Importing items and base items [3mcount[0m[2m=[0m0
[2m2026-08-31T08:33:54.897368Z[0m [32m INFO[0m [2madventure_sheets::importers::import_items[0m[2m:[0m Successfully imported 0 item records. [3mcount[0m[2m=[0m0
[2m2026-08-31T08:33:54.897387Z[0m [32m INFO[0m [2madventure_sheets::importers::import_monsters[0m[2m:[0m Starting import of monsters from JSON data
[2m2026-08-31T08:33:54.897392Z[0m [32m INFO[0m [2madventure_sheets::importers::import_optional_features[0m[2m:[0m Starting import of optional features from JSON data
[2m2026-08-31T08:33:54.928839Z[0m [32m INFO[0m [2madventure_sheets::importers::import_feats[0m[2m:[0m Starting import of feats from JSON data
[2m2026-08-31T08:33:54.928923Z[0m [32m INFO[0m [2madventure_sheets::importers::import_classes[0m[2m:[0m Starting import of classes from JSON data
[2m2026-08-31T08:33:54.928944Z[0m [32m INFO[0m [2madventure_sheets::importers::import_classes[0m[2m:[0m Successfully imported classes, features, subclasses, and subclass features
[2m2026-08-31T08:33:54.928973Z[0m [32m INFO[0m [2madventure_sheets::importers::import_races[0m[2m:[0m Starting import of races from JSON data
[2m2026-08-31T08:33:54.928981Z[0m [32m INFO[0m [2madventure_sheets::importers::import_races[0m[2m:[0m Successfully imported all races, subraces, and race options
[2m2026-08-31T08:33:54.928989Z[0m [32m INFO[0m [2madventure_sheets::importers::import_backgrounds[0m[2m:[0m Starting import of backgrounds from JSON data
[2m2026-08-31T08:33:54.928996Z[0m [32m INFO[0m [2madventure_sheets::importers::import_spells[0m[2m:[0m Starting import of spells from JSON data
[2m2026-08-31T08:33:54.929002Z[0m [32m INFO[0m [2madventure_sheets::importers::import_spells[0m[2m:[0m Starting import of spells from JSON array [3mcount[0m[2m=[0m361
[2m2026-08-31T08:33:56.245322Z[0m [32m INFO[0m [2madventure_sheets::importers::import_spells[0m[2m:[0m Successfully imported 361 spell records. [3mcount[0m[2m=[0m361
[2m2026-08-31T08:33:56.245353Z[0m [32m INFO[0m [2madventure_sheets::importers::import_items[0m[2m:[0m Starting import of items from JSON data
[2m2026-08-31T08:33:56.245361Z[0m [32m INFO[0m [2madventure_sheets::importers::import_items[0m[2m:[0m Importing items and base items [3mcount[0m[2m=[0m0
[2m2026-08-31T08:33:56.245367Z[0m [32m INFO[0m [2madventure_sheets::importers::import_items[0m[2m:[0m Successfully imported 0 item records. [3mcount[0m[2m=[0m0
[2m2026-08-31T08:33:56.245372Z[0m [32m INFO[0m [2madventure_sheets::importers::import_monsters[0m[2m:[0m Starting import of monsters from JSON data
[2m2026-08-31T08:33:56.245375Z[0m [32m INFO[0m [2madventure_sheets::importers::import_optional_features[0m[2m:[0m Starting import of optional features from JSON data
[2m2026-08-31T08:33:56.257393Z[0m [32m INFO[0m [2madventure_sheets::importers::import_feats[0m[2m:[0m Starting import of feats from JSON data
[2m2026-08-31T08:33:56.257435Z[0m [32m INFO[0m [2madventure_sheets::importers::import_classes[0m[2m:[0m Starting import of classes from JSON data
[2m2026-08-31T08:33:56.257446Z[0m [32m INFO[0m [2madventure_sheets::importers::import_classes[0m[2m:[0m Successfully imported classes, features, subclasses, and subclass features
[2m2026-08-31T08:33:56.257453Z[0m [32m INFO[0m [2madventure_sheets::importers::import_races[0m[2m:[0m Starting import of races from JSON data
[2m2026-08-31T08:33:56.257461Z[0m [32m INFO[0m [2madventure_sheets::importers::import_races[0m[2m:[0m Successfully imported all races, subraces, and race options
[2m2026-08-31T08:33:56.257467Z[0m [32m INFO[0m [2madventure_sheets::importers::import_backgrounds[0m[2m:[0m Starting import of backgrounds from JSON data
[2m2026-08-31T08:33:56.257473Z[0m [32m INFO[0m [2madventure_sheets::importers::import_spells[0m[2m:[0m Starting import of spells from JSON data
[2m2026-08-31T08:33:56.257479Z[0m [32m INFO[0m [2madventure_sheets::importers::import_spells[0m[2m:[0m Starting import of spells from JSON array [3mcount[0m[2m=[0m2
[2m2026-08-31T08:33:56.264245Z[0m [32m INFO[0m [2madventure_sheets::importers::import_spells[0m[2m:[0m Successfully imported 2 spell records. [3mcount[0m[2m=[0m2
[2m2026-08-31T08:33:56.264276Z[0m [32m INFO[0m [2madventure_sheets::importers::import_items[0m[2m:[0m Starting import of items from JSON data
[2m2026-08-31T08:33:56.264281Z[0m [32m INFO[0m [2madventure_sheets::importers::import_items[0m[2m:[0m Importing items and base items [3mcount[0m[2m=[0m0
[2m2026-08-31T08:33:56.264285Z[0m [32m INFO[0m [2madventure_sheets::importers::import_items[0m[2m:[0m Successfully imported 0 item records. [3mcount[0m[2m=[0m0
[2m2026-08-31T08:33:56.264289Z[0m [32m INFO[0m [2madventure_sheets::importers::import_monsters[0m[2m:[0m Starting import of monsters from JSON data
[2m2026-08-31T08:33:56.264303Z[0m [32m INFO[0m [2madventure_sheets::importers::import_optional_features[0m[2m:[0m Starting import of optional features from JSON data
[2m2026-08-31T08:33:56.273935Z[0m [32m INFO[0m [2madventure_sheets::importers::import_feats[0m[2m:[0m Starting import of feats from JSON data
[2m2026-08-31T08:33:56.273965Z[0m [32m INFO[0m [2madventure_sheets::importers::import_classes[0m[2m:[0m Starting import of classes from JSON data
[2m2026-08-31T08:33:56.273971Z[0m [32m INFO[0m [2madventure_sheets::importers::import_classes[0m[2m:[0m Successfully imported classes, features, subclasses, and subclass features
[2m2026-08-31T08:33:56.273976Z[0m [32m INFO[0m [2madventure_sheets::importers::import_races[0m[2m:[0m Starting import of races from JSON data
[2m2026-08-31T08:33:56.273980Z[0m [32m INFO[0m [2madventure_sheets::importers::import_races[0m[2m:[0m Successfully imported all races, subraces, and race options
[2m2026-08-31T08:33:56.273984Z[0m [32m INFO[0m [2madventure_sheets::importers::import_backgrounds[0m[2m:[0m Starting import of backgrounds from JSON data
[2m2026-08-31T08:33:56.273990Z[0m [32m INFO[0m [2madventure_sheets::importers::import_spells[0m[2m:[0m Starting import of spells from JSON data
[2m2026-08-31T08:33:56.273993Z[0m [32m INFO[0m [2madventure_sheets::importers::import_spells[0m[2m:[0m Starting import of spells from JSON array [3mcount[0m[2m=[0m5
[2m2026-08-31T08:33:56.285765Z[0m [32m INFO[0m [2madventure_sheets::importers::import_spells[0m[2m:[0m Successfully imported 5 spell records. [3mcount[0m[2m=[0m5
[2m2026-08-31T08:33:56.285791Z[0m [32m INFO[0m [2madventure_sheets::importers::import_items[0m[2m:[0m Starting import of items from JSON data
[2m2026-08-31T08:33:56.285804Z[0m [32m INFO[0m [2madventure_sheets::importers::import_items[0m[2m:[0m Importing items and base items [3mcount[0m[2m=[0m0
[2m2026-08-31T08:33:56.285810Z[0m [32m INFO[0m [2madventure_sheets::importers::import_items[0m[2m:[0m Successfully imported 0 item records. [3mcount[0m[2m=[0m0
[2m2026-08-31T08:33:56.285816Z[0m [32m INFO[0m [2madventure_sheets::importers::import_monsters[0m[2m:[0m Starting import of monsters from JSON data
[2m2026-08-31T08:33:56.285824Z[0m [32m INFO[0m [2madventure_sheets::importers::import_optional_features[0m[2m:[0m Starting import of optional features from JSON data
[2m2026-08-31T08:33:56.296843Z[0m [32m INFO[0m [2madventure_sheets::importers::import_feats[0m[2m:[0m Starting import of feats from JSON data
[2m2026-08-31T08:33:56.296919Z[0m [32m INFO[0m [2madventure_sheets::importers::import_classes[0m[2m:[0m Starting import of classes from JSON data
[2m2026-08-31T08:33:56.296928Z[0m [32m INFO[0m [2madventure_sheets::importers::import_classes[0m[2m:[0m Successfully imported classes, features, subclasses, and subclass features
[2m2026-08-31T08:33:56.296936Z[0m [32m INFO[0m [2madventure_sheets::importers::import_races[0m[2m:[0m Starting import of races from JSON data
[2m2026-08-31T08:33:56.296942Z[0m [32m INFO[0m [2madventure_sheets::importers::import_races[0m[2m:[0m Successfully imported all races, subraces, and race options
[2m2026-08-31T08:33:56.296948Z[0m [32m INFO[0m [2madventure_sheets::importers::import_backgrounds[0m[2m:[0m Starting import of backgrounds from JSON data
[2m2026-08-31T08:33:56.296953Z[0m [32m INFO[0m [2madventure_sheets::importers::import_spells[0m[2m:[0m Starting import of spells from JSON data
[2m2026-08-31T08:33:56.296959Z[0m [32m INFO[0m [2madventure_sheets::importers::import_spells[0m[2m:[0m Starting import of spells from JSON array [3mcount[0m[2m=[0m21
[2m2026-08-31T08:33:56.356758Z[0m [32m INFO[0m [2madventure_sheets::importers::import_spells[0m[2m:[0m Successfully imported 21 spell records. [3mcount[0m[2m=[0m21
[2m2026-08-31T08:33:56.356792Z[0m [32m INFO[0m [2madventure_sheets::importers::import_items[0m[2m:[0m Starting import of items from JSON data
[2m2026-08-31T08:33:56.356805Z[0m [32m INFO[0m [2madventure_sheets::importers::import_items[0m[2m:[0m Importing items and base items [3mcount[0m[2m=[0m0
[2m2026-08-31T08:33:56.356823Z[0m [32m INFO[0m [2madventure_sheets::importers::import_items[0m[2m:[0m Successfully imported 0 item records. [3mcount[0m[2m=[0m0
[2m2026-08-31T08:33:56.356833Z[0m [32m INFO[0m [2madventure_sheets::importers::import_monsters[0m[2m:[0m Starting import of monsters from JSON data
[2m2026-08-31T08:33:56.356838Z[0m [32m INFO[0m [2madventure_sheets::importers::import_optional_features[0m[2m:[0m Starting import of optional features from JSON data
[2m2026-08-31T08:33:56.366854Z[0m [32m INFO[0m [2madventure_sheets::importers::import_feats[0m[2m:[0m Starting import of feats from JSON data
[2m2026-08-31T08:33:56.366883Z[0m [32m INFO[0m [2madventure_sheets::importers::import_classes[0m[2m:[0m Starting import of classes from JSON data
[2m2026-08-31T08:33:56.366889Z[0m [32m INFO[0m [2madventure_sheets::importers::import_classes[0m[2m:[0m Successfully imported classes, features, subclasses, and subclass features
[2m2026-08-31T08:33:56.366893Z[0m [32m INFO[0m [2madventure_sheets::importers::import_races[0m[2m:[0m Starting import of races from JSON data
[2m2026-08-31T08:33:56.366897Z[0m [32m INFO[0m [2madventure_sheets::importers::import_races[0m[2m:[0m Successfully imported all races, subraces, and race options
[2m2026-08-31T08:33:56.366902Z[0m [32m INFO[0m [2madventure_sheets::importers::import_backgrounds[0m[2m:[0m Starting import of backgrounds from JSON data
[2m2026-08-31T08:33:56.366906Z[0m [32m INFO[0m [2madventure_sheets::importers::import_spells[0m[2m:[0m Starting import of spells from JSON data
[2m2026-08-31T08:33:56.366909Z[0m [32m INFO[0m [2madventure_sheets::importers::import_spells[0m[2m:[0m Starting import of spells from JSON array [3mcount[0m[2m=[0m95
[2m2026-08-31T08:33:56.581152Z[0m [32m INFO[0m [2madventure_sheets::importers::import_spells[0m[2m:[0m Successfully imported 95 spell records. [3mcount[0m[2m=[0m95
[2m2026-08-31T08:33:56.581177Z[0m [32m INFO[0m [2madventure_sheets::importers::import_items[0m[2m:[0m Starting import of items from JSON data
[2m2026-08-31T08:33:56.581184Z[0m [32m INFO[0m [2madventure_sheets::importers::import_items[0m[2m:[0m Importing items and base items [3mcount[0m[2m=[0m0
[2m2026-08-31T08:33:56.581189Z[0m [32m INFO[0m [2madventure_sheets::importers::import_items[0m[2m:[0m Successfully imported 0 item records. [3mcount[0m[2m=[0m0
[2m2026-08-31T08:33:56.581195Z[0m [32m INFO[0m [2madventure_sheets::importers::import_monsters[0m[2m:[0m Starting import of monsters from JSON data
[2m2026-08-31T08:33:56.581202Z[0m [32m INFO[0m [2madventure_sheets::importers::import_optional_features[0m[2m:[0m Starting import of optional features from JSON data
[2m2026-08-31T08:33:56.602576Z[0m [32m INFO[0m [2madventure_sheets::importers::import_feats[0m[2m:[0m Starting import of feats from JSON data
[2m2026-08-31T08:33:56.602605Z[0m [32m INFO[0m [2madventure_sheets::importers::import_classes[0m[2m:[0m Starting import of classes from JSON data
[2m2026-08-31T08:33:56.602612Z[0m [32m INFO[0m [2madventure_sheets::importers::import_classes[0m[2m:[0m Successfully imported classes, features, subclasses, and subclass features
[2m2026-08-31T08:33:56.602616Z[0m [32m INFO[0m [2madventure_sheets::importers::import_races[0m[2m:[0m Starting import of races from JSON data
[2m2026-08-31T08:33:56.602620Z[0m [32m INFO[0m [2madventure_sheets::importers::import_races[0m[2m:[0m Successfully imported all races, subraces, and race options
[2m2026-08-31T08:33:56.602625Z[0m [32m INFO[0m [2madventure_sheets::importers::import_backgrounds[0m[2m:[0m Starting import of backgrounds from JSON data
[2m2026-08-31T08:33:56.602629Z[0m [32m INFO[0m [2madventure_sheets::importers::import_spells[0m[2m:[0m Starting import of spells from JSON data
[2m2026-08-31T08:33:56.602638Z[0m [32m INFO[0m [2madventure_sheets::importers::import_spells[0m[2m:[0m Starting import of spells from JSON array [3mcount[0m[2m=[0m391
[2m2026-08-31T08:33:57.839471Z[0m [32m INFO[0m [2madventure_sheets::importers::import_spells[0m[2m:[0m Successfully imported 391 spell records. [3mcount[0m[2m=[0m391
[2m2026-08-31T08:33:57.839503Z[0m [32m INFO[0m [2madventure_sheets::importers::import_items[0m[2m:[0m Starting import of items from JSON data
[2m2026-08-31T08:33:57.839511Z[0m [32m INFO[0m [2madventure_sheets::importers::import_items[0m[2m:[0m Importing items and base items [3mcount[0m[2m=[0m0
[2m2026-08-31T08:33:57.839519Z[0m [32m INFO[0m [2madventure_sheets::importers::import_items[0m[2m:[0m Successfully imported 0 item records. [3mcount[0m[2m=[0m0
[2m2026-08-31T08:33:57.839526Z[0m [32m INFO[0m [2madventure_sheets::importers::import_monsters[0m[2m:[0m Starting import of monsters from JSON data
[2m2026-08-31T08:33:57.839531Z[0m [32m INFO[0m [2madventure_sheets::importers::import_optional_features[0m[2m:[0m Starting import of optional features from JSON data
[2m2026-08-31T08:33:57.858905Z[0m [32m INFO[0m [2madventure_sheets::importers::import_feats[0m[2m:[0m Starting import of feats from JSON data
[2m2026-08-31T08:33:57.858959Z[0m [32m INFO[0m [2madventure_sheets::importers::import_classes[0m[2m:[0m Starting import of classes from JSON data
[2m2026-08-31T08:33:57.858971Z[0m [32m INFO[0m [2madventure_sheets::importers::import_classes[0m[2m:[0m Successfully imported classes, features, subclasses, and subclass features
[2m2026-08-31T08:33:57.858982Z[0m [32m INFO[0m [2madventure_sheets::importers::import_races[0m[2m:[0m Starting import of races from JSON data
[2m2026-08-31T08:33:57.858989Z[0m [32m INFO[0m [2madventure_sheets::importers::import_races[0m[2m:[0m Successfully imported all races, subraces, and race options
[2m2026-08-31T08:33:57.858995Z[0m [32m INFO[0m [2madventure_sheets::importers::import_backgrounds[0m[2m:[0m Starting import of backgrounds from JSON data
[2m2026-08-31T08:33:57.859002Z[0m [32m INFO[0m [2madventure_sheets::importers::import_spells[0m[2m:[0m Starting import of spells from JSON data
[2m2026-08-31T08:33:57.859008Z[0m [32m INFO[0m [2madventure_sheets::importers::import_items[0m[2m:[0m Starting import of items from JSON data
[2m2026-08-31T08:33:57.859015Z[0m [32m INFO[0m [2madventure_sheets::importers::import_items[0m[2m:[0m Importing items and base items [3mcount[0m[2m=[0m0
[2m2026-08-31T08:33:57.859032Z[0m [32m INFO[0m [2madventure_sheets::importers::import_items[0m[2m:[0m Successfully imported 0 item records. [3mcount[0m[2m=[0m0
[2m2026-08-31T08:33:57.859040Z[0m [32m INFO[0m [2madventure_sheets::importers::import_monsters[0m[2m:[0m Starting import of monsters from JSON data
[2m2026-08-31T08:33:57.859048Z[0m [32m INFO[0m [2madventure_sheets::importers::import_optional_features[0m[2m:[0m Starting import of optional features from JSON data
[2m2026-08-31T08:33:57.859056Z[0m [32m INFO[0m [2madventure_sheets::importers::import_optional_features[0m[2m:[0m Importing optional features [3mcount[0m[2m=[0m213
[2m2026-08-31T08:33:58.808553Z[0m [32m INFO[0m [2madventure_sheets::importers::import_optional_features[0m[2m:[0m Successfully imported 213 optional feature records. [3mcount[0m[2m=[0m213
[2m2026-08-31T08:33:58.844186Z[0m [32m INFO[0m [2madventure_sheets::importers::import_feats[0m[2m:[0m Starting import of feats from JSON data
[2m2026-08-31T08:33:58.844307Z[0m [32m INFO[0m [2madventure_sheets::importers::import_classes[0m[2m:[0m Starting import of classes from JSON data
[2m2026-08-31T08:33:58.844343Z[0m [32m INFO[0m [2madventure_sheets::importers::import_classes[0m[2m:[0m Successfully imported classes, features, subclasses, and subclass features
[2m2026-08-31T08:33:58.844382Z[0m [32m INFO[0m [2madventure_sheets::importers::import_races[0m[2m:[0m Starting import of races from JSON data
[2m2026-08-31T08:33:58.844426Z[0m [32m INFO[0m [2madventure_sheets::importers::import_races[0m[2m:[0m Successfully imported all races, subraces, and race options
[2m2026-08-31T08:33:58.844488Z[0m [32m INFO[0m [2madventure_sheets::importers::import_backgrounds[0m[2m:[0m Starting import of backgrounds from JSON data
[2m2026-08-31T08:33:58.844525Z[0m [32m INFO[0m [2madventure_sheets::importers::import_spells[0m[2m:[0m Starting import of spells from JSON data
[2m2026-08-31T08:33:58.844557Z[0m [32m INFO[0m [2madventure_sheets::importers::import_items[0m[2m:[0m Starting import of items from JSON data
[2m2026-08-31T08:33:58.844593Z[0m [32m INFO[0m [2madventure_sheets::importers::import_items[0m[2m:[0m Importing items and base items [3mcount[0m[2m=[0m230
[2m2026-08-31T08:33:59.631851Z[0m [32m INFO[0m [2madventure_sheets::importers::import_items[0m[2m:[0m Successfully imported 230 item records. [3mcount[0m[2m=[0m230
[2m2026-08-31T08:33:59.631896Z[0m [32m INFO[0m [2madventure_sheets::importers::import_monsters[0m[2m:[0m Starting import of monsters from JSON data
[2m2026-08-31T08:33:59.631907Z[0m [32m INFO[0m [2madventure_sheets::importers::import_optional_features[0m[2m:[0m Starting import of optional features from JSON data
[2m2026-08-31T08:33:59.715782Z[0m [32m INFO[0m [2madventure_sheets::importers::import_feats[0m[2m:[0m Starting import of feats from JSON data
[2m2026-08-31T08:33:59.715820Z[0m [32m INFO[0m [2madventure_sheets::importers::import_classes[0m[2m:[0m Starting import of classes from JSON data
[2m2026-08-31T08:33:59.715835Z[0m [32m INFO[0m [2madventure_sheets::importers::import_classes[0m[2m:[0m Successfully imported classes, features, subclasses, and subclass features
[2m2026-08-31T08:33:59.715844Z[0m [32m INFO[0m [2madventure_sheets::importers::import_races[0m[2m:[0m Starting import of races from JSON data
[2m2026-08-31T08:33:59.715854Z[0m [32m INFO[0m [2madventure_sheets::importers::import_races[0m[2m:[0m Successfully imported all races, subraces, and race options
[2m2026-08-31T08:33:59.715860Z[0m [32m INFO[0m [2madventure_sheets::importers::import_backgrounds[0m[2m:[0m Starting import of backgrounds from JSON data
[2m2026-08-31T08:33:59.715867Z[0m [32m INFO[0m [2madventure_sheets::importers::import_spells[0m[2m:[0m Starting import of spells from JSON data
[2m2026-08-31T08:33:59.715874Z[0m [32m INFO[0m [2madventure_sheets::importers::import_items[0m[2m:[0m Starting import of items from JSON data
[2m2026-08-31T08:33:59.715908Z[0m [32m INFO[0m [2madventure_sheets::importers::import_items[0m[2m:[0m Importing items and base items [3mcount[0m[2m=[0m2417
[2m2026-08-31T08:34:07.533461Z[0m [32m INFO[0m [2madventure_sheets::importers::import_items[0m[2m:[0m Successfully imported 2417 item records. [3mcount[0m[2m=[0m2417
[2m2026-08-31T08:34:07.533516Z[0m [32m INFO[0m [2madventure_sheets::importers::import_monsters[0m[2m:[0m Starting import of monsters from JSON data
[2m2026-08-31T08:34:07.533527Z[0m [32m INFO[0m [2madventure_sheets::importers::import_optional_features[0m[2m:[0m Starting import of optional features from JSON data
[2m2026-08-31T08:34:07.593828Z[0m [32m INFO[0m [2madventure_sheets::importers::import_feats[0m[2m:[0m Starting import of feats from JSON data
[2m2026-08-31T08:34:07.593955Z[0m [32m INFO[0m [2madventure_sheets::importers::import_feats[0m[2m:[0m Importing feats [3mcount[0m[2m=[0m265
[2m2026-08-31T08:34:08.751866Z[0m [32m INFO[0m [2madventure_sheets::importers::import_feats[0m[2m:[0m Successfully imported 265 feat records. [3mcount[0m[2m=[0m265
[2m2026-08-31T08:34:08.751900Z[0m [32m INFO[0m [2madventure_sheets::importers::import_classes[0m[2m:[0m Starting import of classes from JSON data
[2m2026-08-31T08:34:08.751908Z[0m [32m INFO[0m [2madventure_sheets::importers::import_classes[0m[2m:[0m Successfully imported classes, features, subclasses, and subclass features
[2m2026-08-31T08:34:08.751923Z[0m [32m INFO[0m [2madventure_sheets::importers::import_races[0m[2m:[0m Starting import of races from JSON data
[2m2026-08-31T08:34:08.751933Z[0m [32m INFO[0m [2madventure_sheets::importers::import_races[0m[2m:[0m Successfully imported all races, subraces, and race options
[2m2026-08-31T08:34:08.751939Z[0m [32m INFO[0m [2madventure_sheets::importers::import_backgrounds[0m[2m:[0m Starting import of backgrounds from JSON data
[2m2026-08-31T08:34:08.751945Z[0m [32m INFO[0m [2madventure_sheets::importers::import_spells[0m[2m:[0m Starting import of spells from JSON data
[2m2026-08-31T08:34:08.751950Z[0m [32m INFO[0m [2madventure_sheets::importers::import_items[0m[2m:[0m Starting import of items from JSON data
[2m2026-08-31T08:34:08.751955Z[0m [32m INFO[0m [2madventure_sheets::importers::import_items[0m[2m:[0m Importing items and base items [3mcount[0m[2m=[0m0
[2m2026-08-31T08:34:08.751960Z[0m [32m INFO[0m [2madventure_sheets::importers::import_items[0m[2m:[0m Successfully imported 0 item records. [3mcount[0m[2m=[0m0
[2m2026-08-31T08:34:08.751966Z[0m [32m INFO[0m [2madventure_sheets::importers::import_monsters[0m[2m:[0m Starting import of monsters from JSON data
[2m2026-08-31T08:34:08.751974Z[0m [32m INFO[0m [2madventure_sheets::importers::import_optional_features[0m[2m:[0m Starting import of optional features from JSON data
[2m2026-08-31T08:34:08.763801Z[0m [32m INFO[0m [2madventure_sheets::importers::import_feats[0m[2m:[0m Starting import of feats from JSON data
[2m2026-08-31T08:34:08.763833Z[0m [32m INFO[0m [2madventure_sheets::importers::import_classes[0m[2m:[0m Starting import of classes from JSON data
[2m2026-08-31T08:34:08.763844Z[0m [32m INFO[0m [2madventure_sheets::importers::import_classes[0m[2m:[0m Successfully imported classes, features, subclasses, and subclass features
[2m2026-08-31T08:34:08.763850Z[0m [32m INFO[0m [2madventure_sheets::importers::import_races[0m[2m:[0m Starting import of races from JSON data
[2m2026-08-31T08:34:08.763858Z[0m [32m INFO[0m [2madventure_sheets::importers::import_races[0m[2m:[0m Successfully imported all races, subraces, and race options
[2m2026-08-31T08:34:08.763863Z[0m [32m INFO[0m [2madventure_sheets::importers::import_backgrounds[0m[2m:[0m Starting import of backgrounds from JSON data
[2m2026-08-31T08:34:08.763870Z[0m [32m INFO[0m [2madventure_sheets::importers::import_spells[0m[2m:[0m Starting import of spells from JSON data
[2m2026-08-31T08:34:08.763876Z[0m [32m INFO[0m [2madventure_sheets::importers::import_items[0m[2m:[0m Starting import of items from JSON data
[2m2026-08-31T08:34:08.763885Z[0m [32m INFO[0m [2madventure_sheets::importers::import_items[0m[2m:[0m Importing items and base items [3mcount[0m[2m=[0m0
[2m2026-08-31T08:34:08.763895Z[0m [32m INFO[0m [2madventure_sheets::importers::import_items[0m[2m:[0m Successfully imported 0 item records. [3mcount[0m[2m=[0m0
[2m2026-08-31T08:34:08.763902Z[0m [32m INFO[0m [2madventure_sheets::importers::import_monsters[0m[2m:[0m Starting import of monsters from JSON data
[2m2026-08-31T08:34:08.763908Z[0m [32m INFO[0m [2madventure_sheets::importers::import_optional_features[0m[2m:[0m Starting import of optional features from JSON data
[2m2026-08-31T08:34:08.783264Z[0m [32m INFO[0m [2madventure_sheets::importers::import_feats[0m[2m:[0m Starting import of feats from JSON data
[2m2026-08-31T08:34:08.783304Z[0m [32m INFO[0m [2madventure_sheets::importers::import_classes[0m[2m:[0m Starting import of classes from JSON data
[2m2026-08-31T08:34:08.783316Z[0m [32m INFO[0m [2madventure_sheets::importers::import_classes[0m[2m:[0m Successfully imported classes, features, subclasses, and subclass features
[2m2026-08-31T08:34:08.783323Z[0m [32m INFO[0m [2madventure_sheets::importers::import_races[0m[2m:[0m Starting import of races from JSON data
[2m2026-08-31T08:34:08.783340Z[0m [32m INFO[0m [2madventure_sheets::importers::import_races[0m[2m:[0m Successfully imported all races, subraces, and race options
[2m2026-08-31T08:34:08.783359Z[0m [32m INFO[0m [2madventure_sheets::importers::import_backgrounds[0m[2m:[0m Starting import of backgrounds from JSON data
[2m2026-08-31T08:34:08.783368Z[0m [32m INFO[0m [2madventure_sheets::importers::import_spells[0m[2m:[0m Starting import of spells from JSON data
[2m2026-08-31T08:34:08.783374Z[0m [32m INFO[0m [2madventure_sheets::importers::import_items[0m[2m:[0m Starting import of items from JSON data
[2m2026-08-31T08:34:08.783380Z[0m [32m INFO[0m [2madventure_sheets::importers::import_items[0m[2m:[0m Importing items and base items [3mcount[0m[2m=[0m0
[2m2026-08-31T08:34:08.783391Z[0m [32m INFO[0m [2madventure_sheets::importers::import_items[0m[2m:[0m Successfully imported 0 item records. [3mcount[0m[2m=[0m0
[2m2026-08-31T08:34:08.783398Z[0m [32m INFO[0m [2madventure_sheets::importers::import_monsters[0m[2m:[0m Starting import of monsters from JSON data
[2m2026-08-31T08:34:08.783405Z[0m [32m INFO[0m [2madventure_sheets::importers::import_optional_features[0m[2m:[0m Starting import of optional features from JSON data
